Using pre-set license
Built from '6000.0/release' branch; Version is '6000.0.43f1 (97272b72f107) revision 9905963'; Using compiler version '193933523'; Build Type 'Release'
OS: 'Windows 11  (10.0.26100) 64bit Core' Language: 'ko' Physical Memory: 28416 MB
BatchMode: 1, IsHumanControllingUs: 0, StartBugReporterOnCrash: 0, Is64bit: 1, IsPro: 1

COMMAND LINE ARGUMENTS:
C:\Program Files\Unity\Hub\Editor\6000.0.43f1\Editor\Unity.exe
-adb2
-batchMode
-noUpm
-name
AssetImportWorker1
-projectPath
C:/Users/mimor/Procedural Dungeon Gen
-logFile
Logs/AssetImportWorker1.log
-srvPort
58776
-job-worker-count
7
-background-job-worker-count
8
-gc-helper-count
1
Successfully changed project path to: C:/Users/mimor/Procedural Dungeon Gen
C:/Users/mimor/Procedural Dungeon Gen
[UnityMemory] Configuration Parameters - Can be set up in boot.config
    "memorysetup-bucket-allocator-granularity=16"
    "memorysetup-bucket-allocator-bucket-count=8"
    "memorysetup-bucket-allocator-block-size=33554432"
    "memorysetup-bucket-allocator-block-count=8"
    "memorysetup-main-allocator-block-size=16777216"
    "memorysetup-thread-allocator-block-size=16777216"
    "memorysetup-gfx-main-allocator-block-size=16777216"
    "memorysetup-gfx-thread-allocator-block-size=16777216"
    "memorysetup-cache-allocator-block-size=4194304"
    "memorysetup-typetree-allocator-block-size=2097152"
    "memorysetup-profiler-bucket-allocator-granularity=16"
    "memorysetup-profiler-bucket-allocator-bucket-count=8"
    "memorysetup-profiler-bucket-allocator-block-size=33554432"
    "memorysetup-profiler-bucket-allocator-block-count=8"
    "memorysetup-profiler-allocator-block-size=16777216"
    "memorysetup-profiler-editor-allocator-block-size=1048576"
    "memorysetup-temp-allocator-size-main=16777216"
    "memorysetup-job-temp-allocator-block-size=2097152"
    "memorysetup-job-temp-allocator-block-size-background=1048576"
    "memorysetup-job-temp-allocator-reduction-small-platforms=262144"
    "memorysetup-allocator-temp-initial-block-size-main=262144"
    "memorysetup-allocator-temp-initial-block-size-worker=262144"
    "memorysetup-temp-allocator-size-background-worker=32768"
    "memorysetup-temp-allocator-size-job-worker=262144"
    "memorysetup-temp-allocator-size-preload-manager=33554432"
    "memorysetup-temp-allocator-size-nav-mesh-worker=65536"
    "memorysetup-temp-allocator-size-audio-worker=65536"
    "memorysetup-temp-allocator-size-cloud-worker=32768"
    "memorysetup-temp-allocator-size-gi-baking-worker=262144"
    "memorysetup-temp-allocator-size-gi-baking-worker=262144"
    "memorysetup-temp-allocator-size-gi-baking-worker=262144"
    "memorysetup-temp-allocator-size-gi-baking-worker=262144"
    "memorysetup-temp-allocator-size-gi-baking-worker=262144"
    "memorysetup-temp-allocator-size-gfx=262144"
Player connection [24140]  Target information:

Player connection [24140]  * "[IP] 192.168.2.242 [Port] 0 [Flags] 2 [Guid] 2663275047 [EditorId] 2663275047 [Version] 1048832 [Id] WindowsEditor(7,mimor) [Debug] 1 [PackageName] WindowsEditor [ProjectName] Editor" 

Player connection [24140] Host joined multi-casting on [225.0.0.222:54997]...
Player connection [24140] Host joined alternative multi-casting on [225.0.0.222:34997]...
JobSystem: Creating JobQueue using job-worker-count value 7
Input System module state changed to: Initialized.
[Physics::Module] Initialized fallback backend.
[Physics::Module] Id: 0xdecafbad
Library Redirect Path: Library/
[Physics::Module] Selected backend.
[Physics::Module] Name: PhysX
[Physics::Module] Id: 0xf2b8ea05
[Physics::Module] SDK Version: 4.1.2
[Physics::Module] Integration Version: 1.0.0
[Physics::Module] Threading Mode: Multi-Threaded
Refreshing native plugins compatible for Editor in 2.61 ms, found 3 plugins.
Preloading 0 native plugins for Editor in 0.00 ms.
Initialize engine version: 6000.0.43f1 (97272b72f107)
[Subsystems] Discovering subsystems at path C:/Program Files/Unity/Hub/Editor/6000.0.43f1/Editor/Data/Resources/UnitySubsystems
[Subsystems] Discovering subsystems at path C:/Users/mimor/Procedural Dungeon Gen/Assets
GfxDevice: creating device client; kGfxThreadingModeNonThreaded
Direct3D:
    Version:  Direct3D 11.0 [level 11.1]
    Renderer: NVIDIA GeForce RTX 4050 Laptop GPU (ID=0x28e1)
    Vendor:   NVIDIA
    VRAM:     5921 MB
    Driver:   32.0.15.7652
Initialize mono
Mono path[0] = 'C:/Program Files/Unity/Hub/Editor/6000.0.43f1/Editor/Data/Managed'
Mono path[1] = 'C:/Program Files/Unity/Hub/Editor/6000.0.43f1/Editor/Data/MonoBleedingEdge/lib/mono/unityjit-win32'
Mono config path = 'C:/Program Files/Unity/Hub/Editor/6000.0.43f1/Editor/Data/MonoBleedingEdge/etc'
Using monoOptions --debugger-agent=transport=dt_socket,embedding=1,server=y,suspend=n,address=127.0.0.1:56616
Begin MonoManager ReloadAssembly
Registering precompiled unity dll's ...
Register platform support module: C:/Program Files/Unity/Hub/Editor/6000.0.43f1/Editor/Data/PlaybackEngines/WebGLSupport/UnityEditor.WebGL.Extensions.dll
Register platform support module: C:/Program Files/Unity/Hub/Editor/6000.0.43f1/Editor/Data/PlaybackEngines/WindowsStandaloneSupport/UnityEditor.WindowsStandalone.Extensions.dll
Registered in 0.005947 seconds.
- Loaded All Assemblies, in  0.721 seconds
Native extension for WindowsStandalone target not found
Native extension for WebGL target not found
Mono: successfully reloaded assembly
- Finished resetting the current domain, in  0.699 seconds
Domain Reload Profiling: 1419ms
	BeginReloadAssembly (232ms)
		ExecutionOrderSort (0ms)
		DisableScriptedObjects (0ms)
		BackupInstance (0ms)
		ReleaseScriptingObjects (0ms)
		CreateAndSetChildDomain (1ms)
	RebuildCommonClasses (61ms)
	RebuildNativeTypeToScriptingClass (25ms)
	initialDomainReloadingComplete (97ms)
	LoadAllAssembliesAndSetupDomain (304ms)
		LoadAssemblies (226ms)
		RebuildTransferFunctionScriptingTraits (0ms)
		AnalyzeDomain (298ms)
			TypeCache.Refresh (296ms)
				TypeCache.ScanAssembly (274ms)
			BuildScriptInfoCaches (0ms)
			ResolveRequiredComponents (1ms)
	FinalizeReload (700ms)
		ReleaseScriptCaches (0ms)
		RebuildScriptCaches (0ms)
		SetupLoadedEditorAssemblies (623ms)
			LogAssemblyErrors (0ms)
			InitializePlatformSupportModulesInManaged (52ms)
			SetLoadedEditorAssemblies (11ms)
			BeforeProcessingInitializeOnLoad (122ms)
			ProcessInitializeOnLoadAttributes (334ms)
			ProcessInitializeOnLoadMethodAttributes (103ms)
			AfterProcessingInitializeOnLoad (0ms)
			EditorAssembliesLoaded (0ms)
		ExecutionOrderSort2 (0ms)
		AwakeInstancesAfterBackupRestoration (0ms)
========================================================================
Worker process is ready to serve import requests
Import Worker Mode flag is 0x00
Begin MonoManager ReloadAssembly
- Loaded All Assemblies, in  1.106 seconds
Refreshing native plugins compatible for Editor in 1.87 ms, found 3 plugins.
Native extension for WindowsStandalone target not found
Native extension for WebGL target not found
Mono: successfully reloaded assembly
- Finished resetting the current domain, in  1.020 seconds
Domain Reload Profiling: 2122ms
	BeginReloadAssembly (317ms)
		ExecutionOrderSort (0ms)
		DisableScriptedObjects (14ms)
		BackupInstance (0ms)
		ReleaseScriptingObjects (0ms)
		CreateAndSetChildDomain (69ms)
	RebuildCommonClasses (66ms)
	RebuildNativeTypeToScriptingClass (20ms)
	initialDomainReloadingComplete (61ms)
	LoadAllAssembliesAndSetupDomain (638ms)
		LoadAssemblies (463ms)
		RebuildTransferFunctionScriptingTraits (0ms)
		AnalyzeDomain (343ms)
			TypeCache.Refresh (274ms)
				TypeCache.ScanAssembly (248ms)
			BuildScriptInfoCaches (54ms)
			ResolveRequiredComponents (9ms)
	FinalizeReload (1021ms)
		ReleaseScriptCaches (0ms)
		RebuildScriptCaches (0ms)
		SetupLoadedEditorAssemblies (822ms)
			LogAssemblyErrors (0ms)
			InitializePlatformSupportModulesInManaged (6ms)
			SetLoadedEditorAssemblies (9ms)
			BeforeProcessingInitializeOnLoad (148ms)
			ProcessInitializeOnLoadAttributes (601ms)
			ProcessInitializeOnLoadMethodAttributes (49ms)
			AfterProcessingInitializeOnLoad (9ms)
			EditorAssembliesLoaded (0ms)
		ExecutionOrderSort2 (0ms)
		AwakeInstancesAfterBackupRestoration (12ms)
Launched and connected shader compiler UnityShaderCompiler.exe after 0.02 seconds
Refreshing native plugins compatible for Editor in 2.01 ms, found 3 plugins.
Preloading 0 native plugins for Editor in 0.00 ms.
Unloading 8 Unused Serialized files (Serialized files now loaded: 0)
Unloading 3708 unused Assets / (0.8 MB). Loaded Objects now: 4194.
Memory consumption went from 83.4 MB to 82.5 MB.
Total: 52.385500 ms (FindLiveObjects: 7.825700 ms CreateObjectMapping: 9.333300 ms MarkObjects: 33.922200 ms  DeleteObjects: 1.302100 ms)

========================================================================
Received Prepare
Begin MonoManager ReloadAssembly
- Loaded All Assemblies, in  1.113 seconds
Refreshing native plugins compatible for Editor in 1.26 ms, found 3 plugins.
Native extension for WindowsStandalone target not found
Native extension for WebGL target not found
Mono: successfully reloaded assembly
- Finished resetting the current domain, in  0.985 seconds
Domain Reload Profiling: 2098ms
	BeginReloadAssembly (397ms)
		ExecutionOrderSort (0ms)
		DisableScriptedObjects (12ms)
		BackupInstance (0ms)
		ReleaseScriptingObjects (0ms)
		CreateAndSetChildDomain (119ms)
	RebuildCommonClasses (75ms)
	RebuildNativeTypeToScriptingClass (23ms)
	initialDomainReloadingComplete (55ms)
	LoadAllAssembliesAndSetupDomain (562ms)
		LoadAssemblies (478ms)
		RebuildTransferFunctionScriptingTraits (0ms)
		AnalyzeDomain (280ms)
			TypeCache.Refresh (8ms)
				TypeCache.ScanAssembly (0ms)
			BuildScriptInfoCaches (257ms)
			ResolveRequiredComponents (10ms)
	FinalizeReload (986ms)
		ReleaseScriptCaches (0ms)
		RebuildScriptCaches (0ms)
		SetupLoadedEditorAssemblies (792ms)
			LogAssemblyErrors (0ms)
			InitializePlatformSupportModulesInManaged (5ms)
			SetLoadedEditorAssemblies (6ms)
			BeforeProcessingInitializeOnLoad (180ms)
			ProcessInitializeOnLoadAttributes (544ms)
			ProcessInitializeOnLoadMethodAttributes (47ms)
			AfterProcessingInitializeOnLoad (8ms)
			EditorAssembliesLoaded (1ms)
		ExecutionOrderSort2 (0ms)
		AwakeInstancesAfterBackupRestoration (9ms)
Refreshing native plugins compatible for Editor in 3.25 ms, found 3 plugins.
Preloading 0 native plugins for Editor in 0.00 ms.
Unloading 1 Unused Serialized files (Serialized files now loaded: 0)
Unloading 3706 unused Assets / (1.6 MB). Loaded Objects now: 4195.
Memory consumption went from 82.6 MB to 80.9 MB.
Total: 14.007200 ms (FindLiveObjects: 1.663100 ms CreateObjectMapping: 1.249800 ms MarkObjects: 8.201300 ms  DeleteObjects: 2.890800 ms)

Prepare: number of updated asset objects reloaded= 0
========================================================================
Received Prepare
Refreshing native plugins compatible for Editor in 2.96 ms, found 3 plugins.
Preloading 0 native plugins for Editor in 0.00 ms.
Unloading 0 Unused Serialized files (Serialized files now loaded: 0)
Unloading 3698 unused Assets / (1.0 MB). Loaded Objects now: 4194.
Memory consumption went from 82.7 MB to 81.7 MB.
Total: 25.223400 ms (FindLiveObjects: 1.545500 ms CreateObjectMapping: 0.429700 ms MarkObjects: 20.076900 ms  DeleteObjects: 3.167800 ms)

Prepare: number of updated asset objects reloaded= 0
========================================================================
Received Prepare
Begin MonoManager ReloadAssembly
- Loaded All Assemblies, in  1.098 seconds
Refreshing native plugins compatible for Editor in 1.47 ms, found 3 plugins.
Native extension for WindowsStandalone target not found
Native extension for WebGL target not found
Mono: successfully reloaded assembly
- Finished resetting the current domain, in  0.921 seconds
Domain Reload Profiling: 2019ms
	BeginReloadAssembly (382ms)
		ExecutionOrderSort (0ms)
		DisableScriptedObjects (10ms)
		BackupInstance (0ms)
		ReleaseScriptingObjects (0ms)
		CreateAndSetChildDomain (120ms)
	RebuildCommonClasses (67ms)
	RebuildNativeTypeToScriptingClass (24ms)
	initialDomainReloadingComplete (52ms)
	LoadAllAssembliesAndSetupDomain (573ms)
		LoadAssemblies (518ms)
		RebuildTransferFunctionScriptingTraits (0ms)
		AnalyzeDomain (247ms)
			TypeCache.Refresh (11ms)
				TypeCache.ScanAssembly (0ms)
			BuildScriptInfoCaches (224ms)
			ResolveRequiredComponents (6ms)
	FinalizeReload (922ms)
		ReleaseScriptCaches (0ms)
		RebuildScriptCaches (0ms)
		SetupLoadedEditorAssemblies (714ms)
			LogAssemblyErrors (0ms)
			InitializePlatformSupportModulesInManaged (8ms)
			SetLoadedEditorAssemblies (9ms)
			BeforeProcessingInitializeOnLoad (163ms)
			ProcessInitializeOnLoadAttributes (483ms)
			ProcessInitializeOnLoadMethodAttributes (45ms)
			AfterProcessingInitializeOnLoad (6ms)
			EditorAssembliesLoaded (0ms)
		ExecutionOrderSort2 (0ms)
		AwakeInstancesAfterBackupRestoration (9ms)
Refreshing native plugins compatible for Editor in 2.09 ms, found 3 plugins.
Preloading 0 native plugins for Editor in 0.00 ms.
Unloading 0 Unused Serialized files (Serialized files now loaded: 0)
Unloading 3705 unused Assets / (1.7 MB). Loaded Objects now: 4194.
Memory consumption went from 82.5 MB to 80.8 MB.
Total: 13.133300 ms (FindLiveObjects: 0.784100 ms CreateObjectMapping: 0.316700 ms MarkObjects: 8.572200 ms  DeleteObjects: 3.458000 ms)

Prepare: number of updated asset objects reloaded= 0
========================================================================
Received Prepare
Refreshing native plugins compatible for Editor in 2.13 ms, found 3 plugins.
Preloading 0 native plugins for Editor in 0.00 ms.
Unloading 0 Unused Serialized files (Serialized files now loaded: 0)
Unloading 3699 unused Assets / (0.9 MB). Loaded Objects now: 4195.
Memory consumption went from 82.7 MB to 81.7 MB.
Total: 11.540400 ms (FindLiveObjects: 0.830700 ms CreateObjectMapping: 0.887400 ms MarkObjects: 8.233100 ms  DeleteObjects: 1.587300 ms)

Prepare: number of updated asset objects reloaded= 0
========================================================================
Received Prepare
Begin MonoManager ReloadAssembly
- Loaded All Assemblies, in  1.051 seconds
Refreshing native plugins compatible for Editor in 2.77 ms, found 3 plugins.
Native extension for WindowsStandalone target not found
Native extension for WebGL target not found
Mono: successfully reloaded assembly
- Finished resetting the current domain, in  0.910 seconds
Domain Reload Profiling: 1959ms
	BeginReloadAssembly (292ms)
		ExecutionOrderSort (0ms)
		DisableScriptedObjects (11ms)
		BackupInstance (0ms)
		ReleaseScriptingObjects (0ms)
		CreateAndSetChildDomain (67ms)
	RebuildCommonClasses (47ms)
	RebuildNativeTypeToScriptingClass (17ms)
	initialDomainReloadingComplete (38ms)
	LoadAllAssembliesAndSetupDomain (654ms)
		LoadAssemblies (507ms)
		RebuildTransferFunctionScriptingTraits (0ms)
		AnalyzeDomain (314ms)
			TypeCache.Refresh (23ms)
				TypeCache.ScanAssembly (0ms)
			BuildScriptInfoCaches (277ms)
			ResolveRequiredComponents (8ms)
	FinalizeReload (911ms)
		ReleaseScriptCaches (0ms)
		RebuildScriptCaches (0ms)
		SetupLoadedEditorAssemblies (623ms)
			LogAssemblyErrors (0ms)
			InitializePlatformSupportModulesInManaged (5ms)
			SetLoadedEditorAssemblies (7ms)
			BeforeProcessingInitializeOnLoad (118ms)
			ProcessInitializeOnLoadAttributes (446ms)
			ProcessInitializeOnLoadMethodAttributes (41ms)
			AfterProcessingInitializeOnLoad (6ms)
			EditorAssembliesLoaded (0ms)
		ExecutionOrderSort2 (0ms)
		AwakeInstancesAfterBackupRestoration (10ms)
Refreshing native plugins compatible for Editor in 1.79 ms, found 3 plugins.
Preloading 0 native plugins for Editor in 0.00 ms.
Unloading 0 Unused Serialized files (Serialized files now loaded: 0)
Unloading 3706 unused Assets / (1.3 MB). Loaded Objects now: 4195.
Memory consumption went from 82.5 MB to 81.2 MB.
Total: 11.919500 ms (FindLiveObjects: 0.789600 ms CreateObjectMapping: 0.719400 ms MarkObjects: 8.207200 ms  DeleteObjects: 2.201000 ms)

Prepare: number of updated asset objects reloaded= 0
========================================================================
Received Prepare
Refreshing native plugins compatible for Editor in 9.32 ms, found 3 plugins.
Preloading 0 native plugins for Editor in 0.00 ms.
Unloading 0 Unused Serialized files (Serialized files now loaded: 0)
Unloading 3699 unused Assets / (0.9 MB). Loaded Objects now: 4195.
Memory consumption went from 82.7 MB to 81.8 MB.
Total: 12.284800 ms (FindLiveObjects: 0.804200 ms CreateObjectMapping: 0.389800 ms MarkObjects: 9.493700 ms  DeleteObjects: 1.594800 ms)

Prepare: number of updated asset objects reloaded= 0
========================================================================
Received Prepare
Begin MonoManager ReloadAssembly
- Loaded All Assemblies, in  0.994 seconds
Refreshing native plugins compatible for Editor in 1.12 ms, found 3 plugins.
Native extension for WindowsStandalone target not found
Native extension for WebGL target not found
Mono: successfully reloaded assembly
- Finished resetting the current domain, in  0.849 seconds
Domain Reload Profiling: 1842ms
	BeginReloadAssembly (358ms)
		ExecutionOrderSort (0ms)
		DisableScriptedObjects (11ms)
		BackupInstance (0ms)
		ReleaseScriptingObjects (0ms)
		CreateAndSetChildDomain (112ms)
	RebuildCommonClasses (72ms)
	RebuildNativeTypeToScriptingClass (25ms)
	initialDomainReloadingComplete (54ms)
	LoadAllAssembliesAndSetupDomain (483ms)
		LoadAssemblies (450ms)
		RebuildTransferFunctionScriptingTraits (0ms)
		AnalyzeDomain (209ms)
			TypeCache.Refresh (11ms)
				TypeCache.ScanAssembly (0ms)
			BuildScriptInfoCaches (181ms)
			ResolveRequiredComponents (9ms)
	FinalizeReload (850ms)
		ReleaseScriptCaches (0ms)
		RebuildScriptCaches (0ms)
		SetupLoadedEditorAssemblies (677ms)
			LogAssemblyErrors (0ms)
			InitializePlatformSupportModulesInManaged (5ms)
			SetLoadedEditorAssemblies (8ms)
			BeforeProcessingInitializeOnLoad (156ms)
			ProcessInitializeOnLoadAttributes (461ms)
			ProcessInitializeOnLoadMethodAttributes (39ms)
			AfterProcessingInitializeOnLoad (8ms)
			EditorAssembliesLoaded (0ms)
		ExecutionOrderSort2 (0ms)
		AwakeInstancesAfterBackupRestoration (9ms)
Refreshing native plugins compatible for Editor in 3.12 ms, found 3 plugins.
Preloading 0 native plugins for Editor in 0.00 ms.
Unloading 0 Unused Serialized files (Serialized files now loaded: 0)
Unloading 3706 unused Assets / (1.2 MB). Loaded Objects now: 4195.
Memory consumption went from 82.5 MB to 81.3 MB.
Total: 18.265600 ms (FindLiveObjects: 1.400200 ms CreateObjectMapping: 0.888100 ms MarkObjects: 12.146800 ms  DeleteObjects: 3.827800 ms)

Prepare: number of updated asset objects reloaded= 0
========================================================================
Received Prepare
Begin MonoManager ReloadAssembly
- Loaded All Assemblies, in  0.908 seconds
Refreshing native plugins compatible for Editor in 1.57 ms, found 3 plugins.
Native extension for WindowsStandalone target not found
Native extension for WebGL target not found
Mono: successfully reloaded assembly
- Finished resetting the current domain, in  0.936 seconds
Domain Reload Profiling: 1842ms
	BeginReloadAssembly (281ms)
		ExecutionOrderSort (0ms)
		DisableScriptedObjects (8ms)
		BackupInstance (0ms)
		ReleaseScriptingObjects (0ms)
		CreateAndSetChildDomain (58ms)
	RebuildCommonClasses (55ms)
	RebuildNativeTypeToScriptingClass (17ms)
	initialDomainReloadingComplete (43ms)
	LoadAllAssembliesAndSetupDomain (509ms)
		LoadAssemblies (435ms)
		RebuildTransferFunctionScriptingTraits (0ms)
		AnalyzeDomain (237ms)
			TypeCache.Refresh (7ms)
				TypeCache.ScanAssembly (0ms)
			BuildScriptInfoCaches (215ms)
			ResolveRequiredComponents (9ms)
	FinalizeReload (936ms)
		ReleaseScriptCaches (0ms)
		RebuildScriptCaches (0ms)
		SetupLoadedEditorAssemblies (728ms)
			LogAssemblyErrors (0ms)
			InitializePlatformSupportModulesInManaged (6ms)
			SetLoadedEditorAssemblies (10ms)
			BeforeProcessingInitializeOnLoad (171ms)
			ProcessInitializeOnLoadAttributes (493ms)
			ProcessInitializeOnLoadMethodAttributes (41ms)
			AfterProcessingInitializeOnLoad (6ms)
			EditorAssembliesLoaded (0ms)
		ExecutionOrderSort2 (0ms)
		AwakeInstancesAfterBackupRestoration (9ms)
Refreshing native plugins compatible for Editor in 1.63 ms, found 3 plugins.
Preloading 0 native plugins for Editor in 0.00 ms.
Unloading 0 Unused Serialized files (Serialized files now loaded: 0)
Unloading 3706 unused Assets / (1.0 MB). Loaded Objects now: 4195.
Memory consumption went from 82.5 MB to 81.5 MB.
Total: 11.727400 ms (FindLiveObjects: 0.789100 ms CreateObjectMapping: 0.466400 ms MarkObjects: 8.841000 ms  DeleteObjects: 1.629100 ms)

Prepare: number of updated asset objects reloaded= 0
========================================================================
Received Prepare
Begin MonoManager ReloadAssembly
- Loaded All Assemblies, in  1.016 seconds
Refreshing native plugins compatible for Editor in 1.64 ms, found 3 plugins.
Native extension for WindowsStandalone target not found
Native extension for WebGL target not found
Mono: successfully reloaded assembly
- Finished resetting the current domain, in  0.924 seconds
Domain Reload Profiling: 1938ms
	BeginReloadAssembly (272ms)
		ExecutionOrderSort (0ms)
		DisableScriptedObjects (11ms)
		BackupInstance (0ms)
		ReleaseScriptingObjects (0ms)
		CreateAndSetChildDomain (59ms)
	RebuildCommonClasses (61ms)
	RebuildNativeTypeToScriptingClass (24ms)
	initialDomainReloadingComplete (57ms)
	LoadAllAssembliesAndSetupDomain (599ms)
		LoadAssemblies (500ms)
		RebuildTransferFunctionScriptingTraits (0ms)
		AnalyzeDomain (253ms)
			TypeCache.Refresh (12ms)
				TypeCache.ScanAssembly (0ms)
			BuildScriptInfoCaches (226ms)
			ResolveRequiredComponents (8ms)
	FinalizeReload (924ms)
		ReleaseScriptCaches (0ms)
		RebuildScriptCaches (0ms)
		SetupLoadedEditorAssemblies (732ms)
			LogAssemblyErrors (0ms)
			InitializePlatformSupportModulesInManaged (5ms)
			SetLoadedEditorAssemblies (6ms)
			BeforeProcessingInitializeOnLoad (152ms)
			ProcessInitializeOnLoadAttributes (521ms)
			ProcessInitializeOnLoadMethodAttributes (40ms)
			AfterProcessingInitializeOnLoad (7ms)
			EditorAssembliesLoaded (0ms)
		ExecutionOrderSort2 (0ms)
		AwakeInstancesAfterBackupRestoration (9ms)
Refreshing native plugins compatible for Editor in 1.96 ms, found 3 plugins.
Preloading 0 native plugins for Editor in 0.00 ms.
Unloading 0 Unused Serialized files (Serialized files now loaded: 0)
Unloading 3706 unused Assets / (1.0 MB). Loaded Objects now: 4195.
Memory consumption went from 84.4 MB to 83.5 MB.
Total: 12.013700 ms (FindLiveObjects: 0.856000 ms CreateObjectMapping: 0.408700 ms MarkObjects: 8.943200 ms  DeleteObjects: 1.803900 ms)

Prepare: number of updated asset objects reloaded= 0
========================================================================
Received Prepare
Begin MonoManager ReloadAssembly
- Loaded All Assemblies, in  0.860 seconds
Refreshing native plugins compatible for Editor in 1.80 ms, found 3 plugins.
Native extension for WindowsStandalone target not found
Native extension for WebGL target not found
Mono: successfully reloaded assembly
- Finished resetting the current domain, in  0.808 seconds
Domain Reload Profiling: 1668ms
	BeginReloadAssembly (304ms)
		ExecutionOrderSort (0ms)
		DisableScriptedObjects (12ms)
		BackupInstance (0ms)
		ReleaseScriptingObjects (0ms)
		CreateAndSetChildDomain (64ms)
	RebuildCommonClasses (53ms)
	RebuildNativeTypeToScriptingClass (17ms)
	initialDomainReloadingComplete (41ms)
	LoadAllAssembliesAndSetupDomain (443ms)
		LoadAssemblies (420ms)
		RebuildTransferFunctionScriptingTraits (0ms)
		AnalyzeDomain (193ms)
			TypeCache.Refresh (7ms)
				TypeCache.ScanAssembly (0ms)
			BuildScriptInfoCaches (176ms)
			ResolveRequiredComponents (5ms)
	FinalizeReload (809ms)
		ReleaseScriptCaches (0ms)
		RebuildScriptCaches (0ms)
		SetupLoadedEditorAssemblies (643ms)
			LogAssemblyErrors (0ms)
			InitializePlatformSupportModulesInManaged (4ms)
			SetLoadedEditorAssemblies (6ms)
			BeforeProcessingInitializeOnLoad (121ms)
			ProcessInitializeOnLoadAttributes (466ms)
			ProcessInitializeOnLoadMethodAttributes (38ms)
			AfterProcessingInitializeOnLoad (6ms)
			EditorAssembliesLoaded (0ms)
		ExecutionOrderSort2 (0ms)
		AwakeInstancesAfterBackupRestoration (8ms)
Refreshing native plugins compatible for Editor in 13.76 ms, found 3 plugins.
Preloading 0 native plugins for Editor in 0.00 ms.
Unloading 0 Unused Serialized files (Serialized files now loaded: 0)
Unloading 3706 unused Assets / (1.2 MB). Loaded Objects now: 4195.
Memory consumption went from 84.5 MB to 83.3 MB.
Total: 11.576400 ms (FindLiveObjects: 0.771900 ms CreateObjectMapping: 0.385300 ms MarkObjects: 8.411200 ms  DeleteObjects: 2.005500 ms)

Prepare: number of updated asset objects reloaded= 0
========================================================================
Received Prepare
Begin MonoManager ReloadAssembly
- Loaded All Assemblies, in  0.904 seconds
Refreshing native plugins compatible for Editor in 1.20 ms, found 3 plugins.
Native extension for WindowsStandalone target not found
Native extension for WebGL target not found
Mono: successfully reloaded assembly
- Finished resetting the current domain, in  0.949 seconds
Domain Reload Profiling: 1852ms
	BeginReloadAssembly (287ms)
		ExecutionOrderSort (0ms)
		DisableScriptedObjects (11ms)
		BackupInstance (0ms)
		ReleaseScriptingObjects (0ms)
		CreateAndSetChildDomain (70ms)
	RebuildCommonClasses (54ms)
	RebuildNativeTypeToScriptingClass (20ms)
	initialDomainReloadingComplete (39ms)
	LoadAllAssembliesAndSetupDomain (502ms)
		LoadAssemblies (434ms)
		RebuildTransferFunctionScriptingTraits (0ms)
		AnalyzeDomain (212ms)
			TypeCache.Refresh (11ms)
				TypeCache.ScanAssembly (0ms)
			BuildScriptInfoCaches (190ms)
			ResolveRequiredComponents (6ms)
	FinalizeReload (950ms)
		ReleaseScriptCaches (0ms)
		RebuildScriptCaches (0ms)
		SetupLoadedEditorAssemblies (755ms)
			LogAssemblyErrors (0ms)
			InitializePlatformSupportModulesInManaged (6ms)
			SetLoadedEditorAssemblies (8ms)
			BeforeProcessingInitializeOnLoad (130ms)
			ProcessInitializeOnLoadAttributes (562ms)
			ProcessInitializeOnLoadMethodAttributes (42ms)
			AfterProcessingInitializeOnLoad (7ms)
			EditorAssembliesLoaded (0ms)
		ExecutionOrderSort2 (0ms)
		AwakeInstancesAfterBackupRestoration (12ms)
Refreshing native plugins compatible for Editor in 7.39 ms, found 3 plugins.
Preloading 0 native plugins for Editor in 0.00 ms.
Unloading 0 Unused Serialized files (Serialized files now loaded: 0)
Unloading 3706 unused Assets / (1.2 MB). Loaded Objects now: 4195.
Memory consumption went from 84.5 MB to 83.3 MB.
Total: 13.405300 ms (FindLiveObjects: 0.751100 ms CreateObjectMapping: 0.310100 ms MarkObjects: 9.783100 ms  DeleteObjects: 2.558800 ms)

Prepare: number of updated asset objects reloaded= 0
========================================================================
Received Prepare
Begin MonoManager ReloadAssembly
- Loaded All Assemblies, in  0.905 seconds
Refreshing native plugins compatible for Editor in 1.86 ms, found 3 plugins.
Native extension for WindowsStandalone target not found
Native extension for WebGL target not found
Mono: successfully reloaded assembly
- Finished resetting the current domain, in  0.981 seconds
Domain Reload Profiling: 1888ms
	BeginReloadAssembly (286ms)
		ExecutionOrderSort (0ms)
		DisableScriptedObjects (9ms)
		BackupInstance (0ms)
		ReleaseScriptingObjects (0ms)
		CreateAndSetChildDomain (69ms)
	RebuildCommonClasses (58ms)
	RebuildNativeTypeToScriptingClass (21ms)
	initialDomainReloadingComplete (46ms)
	LoadAllAssembliesAndSetupDomain (494ms)
		LoadAssemblies (428ms)
		RebuildTransferFunctionScriptingTraits (0ms)
		AnalyzeDomain (215ms)
			TypeCache.Refresh (8ms)
				TypeCache.ScanAssembly (0ms)
			BuildScriptInfoCaches (192ms)
			ResolveRequiredComponents (8ms)
	FinalizeReload (983ms)
		ReleaseScriptCaches (0ms)
		RebuildScriptCaches (0ms)
		SetupLoadedEditorAssemblies (748ms)
			LogAssemblyErrors (0ms)
			InitializePlatformSupportModulesInManaged (7ms)
			SetLoadedEditorAssemblies (12ms)
			BeforeProcessingInitializeOnLoad (162ms)
			ProcessInitializeOnLoadAttributes (522ms)
			ProcessInitializeOnLoadMethodAttributes (38ms)
			AfterProcessingInitializeOnLoad (7ms)
			EditorAssembliesLoaded (1ms)
		ExecutionOrderSort2 (0ms)
		AwakeInstancesAfterBackupRestoration (8ms)
Refreshing native plugins compatible for Editor in 1.71 ms, found 3 plugins.
Preloading 0 native plugins for Editor in 0.00 ms.
Unloading 0 Unused Serialized files (Serialized files now loaded: 0)
Unloading 3706 unused Assets / (0.9 MB). Loaded Objects now: 4195.
Memory consumption went from 84.5 MB to 83.5 MB.
Total: 34.401200 ms (FindLiveObjects: 0.783800 ms CreateObjectMapping: 0.354100 ms MarkObjects: 31.656300 ms  DeleteObjects: 1.604800 ms)

Prepare: number of updated asset objects reloaded= 0
========================================================================
Received Prepare
Begin MonoManager ReloadAssembly
- Loaded All Assemblies, in  0.857 seconds
Refreshing native plugins compatible for Editor in 2.75 ms, found 3 plugins.
Native extension for WindowsStandalone target not found
Native extension for WebGL target not found
Mono: successfully reloaded assembly
- Finished resetting the current domain, in  0.939 seconds
Domain Reload Profiling: 1794ms
	BeginReloadAssembly (266ms)
		ExecutionOrderSort (0ms)
		DisableScriptedObjects (8ms)
		BackupInstance (0ms)
		ReleaseScriptingObjects (0ms)
		CreateAndSetChildDomain (59ms)
	RebuildCommonClasses (54ms)
	RebuildNativeTypeToScriptingClass (20ms)
	initialDomainReloadingComplete (53ms)
	LoadAllAssembliesAndSetupDomain (460ms)
		LoadAssemblies (394ms)
		RebuildTransferFunctionScriptingTraits (0ms)
		AnalyzeDomain (216ms)
			TypeCache.Refresh (9ms)
				TypeCache.ScanAssembly (0ms)
			BuildScriptInfoCaches (194ms)
			ResolveRequiredComponents (8ms)
	FinalizeReload (940ms)
		ReleaseScriptCaches (0ms)
		RebuildScriptCaches (0ms)
		SetupLoadedEditorAssemblies (747ms)
			LogAssemblyErrors (0ms)
			InitializePlatformSupportModulesInManaged (6ms)
			SetLoadedEditorAssemblies (8ms)
			BeforeProcessingInitializeOnLoad (173ms)
			ProcessInitializeOnLoadAttributes (515ms)
			ProcessInitializeOnLoadMethodAttributes (38ms)
			AfterProcessingInitializeOnLoad (7ms)
			EditorAssembliesLoaded (1ms)
		ExecutionOrderSort2 (0ms)
		AwakeInstancesAfterBackupRestoration (9ms)
Refreshing native plugins compatible for Editor in 2.04 ms, found 3 plugins.
Preloading 0 native plugins for Editor in 0.00 ms.
Unloading 0 Unused Serialized files (Serialized files now loaded: 0)
Unloading 3706 unused Assets / (0.8 MB). Loaded Objects now: 4195.
Memory consumption went from 84.5 MB to 83.6 MB.
Total: 12.871300 ms (FindLiveObjects: 1.607100 ms CreateObjectMapping: 0.466500 ms MarkObjects: 9.020200 ms  DeleteObjects: 1.775300 ms)

Prepare: number of updated asset objects reloaded= 0
========================================================================
Received Prepare
Begin MonoManager ReloadAssembly
- Loaded All Assemblies, in  0.899 seconds
Refreshing native plugins compatible for Editor in 1.28 ms, found 3 plugins.
Native extension for WindowsStandalone target not found
Native extension for WebGL target not found
Mono: successfully reloaded assembly
- Finished resetting the current domain, in  1.000 seconds
Domain Reload Profiling: 1901ms
	BeginReloadAssembly (317ms)
		ExecutionOrderSort (0ms)
		DisableScriptedObjects (11ms)
		BackupInstance (0ms)
		ReleaseScriptingObjects (0ms)
		CreateAndSetChildDomain (66ms)
	RebuildCommonClasses (52ms)
	RebuildNativeTypeToScriptingClass (23ms)
	initialDomainReloadingComplete (39ms)
	LoadAllAssembliesAndSetupDomain (470ms)
		LoadAssemblies (435ms)
		RebuildTransferFunctionScriptingTraits (0ms)
		AnalyzeDomain (213ms)
			TypeCache.Refresh (9ms)
				TypeCache.ScanAssembly (0ms)
			BuildScriptInfoCaches (191ms)
			ResolveRequiredComponents (8ms)
	FinalizeReload (1000ms)
		ReleaseScriptCaches (0ms)
		RebuildScriptCaches (0ms)
		SetupLoadedEditorAssemblies (769ms)
			LogAssemblyErrors (0ms)
			InitializePlatformSupportModulesInManaged (7ms)
			SetLoadedEditorAssemblies (10ms)
			BeforeProcessingInitializeOnLoad (176ms)
			ProcessInitializeOnLoadAttributes (525ms)
			ProcessInitializeOnLoadMethodAttributes (44ms)
			AfterProcessingInitializeOnLoad (7ms)
			EditorAssembliesLoaded (0ms)
		ExecutionOrderSort2 (0ms)
		AwakeInstancesAfterBackupRestoration (11ms)
Refreshing native plugins compatible for Editor in 3.22 ms, found 3 plugins.
Preloading 0 native plugins for Editor in 0.00 ms.
Unloading 0 Unused Serialized files (Serialized files now loaded: 0)
Unloading 3706 unused Assets / (1.0 MB). Loaded Objects now: 4195.
Memory consumption went from 84.5 MB to 83.5 MB.
Total: 17.431500 ms (FindLiveObjects: 0.933000 ms CreateObjectMapping: 0.689700 ms MarkObjects: 13.139700 ms  DeleteObjects: 2.666900 ms)

Prepare: number of updated asset objects reloaded= 0
========================================================================
Received Prepare
Refreshing native plugins compatible for Editor in 2.04 ms, found 3 plugins.
Preloading 0 native plugins for Editor in 0.00 ms.
Unloading 0 Unused Serialized files (Serialized files now loaded: 0)
Unloading 3699 unused Assets / (1.9 MB). Loaded Objects now: 4195.
Memory consumption went from 84.6 MB to 82.7 MB.
Total: 32.677800 ms (FindLiveObjects: 5.988900 ms CreateObjectMapping: 8.662300 ms MarkObjects: 13.934600 ms  DeleteObjects: 4.089800 ms)

Prepare: number of updated asset objects reloaded= 0
========================================================================
Received Import Request.
  Time since last request: 177273.875459 seconds.
  path: Assets/StylizedHandPaintedDungeon(Free)/Prefabs/Room.prefab
  artifactKey: Guid(121056d33be0a5547ad1cf35ffe03785) Importer(815301076,1909f56bfc062723c751e8b465ee728b)
Start importing Assets/StylizedHandPaintedDungeon(Free)/Prefabs/Room.prefab using Guid(121056d33be0a5547ad1cf35ffe03785) Importer(815301076,1909f56bfc062723c751e8b465ee728b) (PreviewImporter) -> (artifact id: '9a854f568140ecbfd33620f0d0fd9dab') in 0.3403736 seconds
Number of updated asset objects reloaded before import = 0Number of asset objects unloaded after import = 275

========================================================================
Received Prepare
Begin MonoManager ReloadAssembly
- Loaded All Assemblies, in  0.860 seconds
Refreshing native plugins compatible for Editor in 1.14 ms, found 3 plugins.
Native extension for WindowsStandalone target not found
Native extension for WebGL target not found
Mono: successfully reloaded assembly
- Finished resetting the current domain, in  0.979 seconds
Domain Reload Profiling: 1839ms
	BeginReloadAssembly (272ms)
		ExecutionOrderSort (0ms)
		DisableScriptedObjects (8ms)
		BackupInstance (0ms)
		ReleaseScriptingObjects (0ms)
		CreateAndSetChildDomain (67ms)
	RebuildCommonClasses (47ms)
	RebuildNativeTypeToScriptingClass (17ms)
	initialDomainReloadingComplete (40ms)
	LoadAllAssembliesAndSetupDomain (483ms)
		LoadAssemblies (422ms)
		RebuildTransferFunctionScriptingTraits (0ms)
		AnalyzeDomain (207ms)
			TypeCache.Refresh (9ms)
				TypeCache.ScanAssembly (0ms)
			BuildScriptInfoCaches (184ms)
			ResolveRequiredComponents (7ms)
	FinalizeReload (980ms)
		ReleaseScriptCaches (0ms)
		RebuildScriptCaches (0ms)
		SetupLoadedEditorAssemblies (776ms)
			LogAssemblyErrors (0ms)
			InitializePlatformSupportModulesInManaged (6ms)
			SetLoadedEditorAssemblies (7ms)
			BeforeProcessingInitializeOnLoad (190ms)
			ProcessInitializeOnLoadAttributes (511ms)
			ProcessInitializeOnLoadMethodAttributes (52ms)
			AfterProcessingInitializeOnLoad (10ms)
			EditorAssembliesLoaded (1ms)
		ExecutionOrderSort2 (0ms)
		AwakeInstancesAfterBackupRestoration (13ms)
Refreshing native plugins compatible for Editor in 3.97 ms, found 3 plugins.
Preloading 0 native plugins for Editor in 0.00 ms.
Unloading 0 Unused Serialized files (Serialized files now loaded: 0)
Unloading 3706 unused Assets / (0.9 MB). Loaded Objects now: 4205.
Memory consumption went from 89.2 MB to 88.3 MB.
Total: 20.521600 ms (FindLiveObjects: 1.409600 ms CreateObjectMapping: 1.043800 ms MarkObjects: 14.730600 ms  DeleteObjects: 3.334300 ms)

Prepare: number of updated asset objects reloaded= 0
========================================================================
Received Prepare
Begin MonoManager ReloadAssembly
- Loaded All Assemblies, in  0.885 seconds
Refreshing native plugins compatible for Editor in 2.04 ms, found 3 plugins.
Native extension for WindowsStandalone target not found
Native extension for WebGL target not found
Mono: successfully reloaded assembly
- Finished resetting the current domain, in  0.920 seconds
Domain Reload Profiling: 1804ms
	BeginReloadAssembly (282ms)
		ExecutionOrderSort (0ms)
		DisableScriptedObjects (10ms)
		BackupInstance (0ms)
		ReleaseScriptingObjects (0ms)
		CreateAndSetChildDomain (59ms)
	RebuildCommonClasses (51ms)
	RebuildNativeTypeToScriptingClass (18ms)
	initialDomainReloadingComplete (40ms)
	LoadAllAssembliesAndSetupDomain (493ms)
		LoadAssemblies (428ms)
		RebuildTransferFunctionScriptingTraits (0ms)
		AnalyzeDomain (222ms)
			TypeCache.Refresh (7ms)
				TypeCache.ScanAssembly (0ms)
			BuildScriptInfoCaches (203ms)
			ResolveRequiredComponents (6ms)
	FinalizeReload (920ms)
		ReleaseScriptCaches (0ms)
		RebuildScriptCaches (0ms)
		SetupLoadedEditorAssemblies (683ms)
			LogAssemblyErrors (0ms)
			InitializePlatformSupportModulesInManaged (7ms)
			SetLoadedEditorAssemblies (12ms)
			BeforeProcessingInitializeOnLoad (156ms)
			ProcessInitializeOnLoadAttributes (460ms)
			ProcessInitializeOnLoadMethodAttributes (38ms)
			AfterProcessingInitializeOnLoad (10ms)
			EditorAssembliesLoaded (0ms)
		ExecutionOrderSort2 (0ms)
		AwakeInstancesAfterBackupRestoration (11ms)
Refreshing native plugins compatible for Editor in 3.12 ms, found 3 plugins.
Preloading 0 native plugins for Editor in 0.00 ms.
Unloading 0 Unused Serialized files (Serialized files now loaded: 0)
Unloading 3706 unused Assets / (1.5 MB). Loaded Objects now: 4205.
Memory consumption went from 89.2 MB to 87.7 MB.
Total: 16.260700 ms (FindLiveObjects: 1.083700 ms CreateObjectMapping: 0.664400 ms MarkObjects: 11.850900 ms  DeleteObjects: 2.660000 ms)

Prepare: number of updated asset objects reloaded= 0
========================================================================
Received Prepare
Refreshing native plugins compatible for Editor in 1.63 ms, found 3 plugins.
Preloading 0 native plugins for Editor in 0.00 ms.
Unloading 0 Unused Serialized files (Serialized files now loaded: 0)
Unloading 3699 unused Assets / (1.1 MB). Loaded Objects now: 4205.
Memory consumption went from 89.4 MB to 88.3 MB.
Total: 21.568400 ms (FindLiveObjects: 1.924100 ms CreateObjectMapping: 0.713300 ms MarkObjects: 16.927400 ms  DeleteObjects: 2.001600 ms)

Prepare: number of updated asset objects reloaded= 0
========================================================================
Received Prepare
Refreshing native plugins compatible for Editor in 2.28 ms, found 3 plugins.
Preloading 0 native plugins for Editor in 0.00 ms.
Unloading 0 Unused Serialized files (Serialized files now loaded: 0)
Unloading 3699 unused Assets / (0.9 MB). Loaded Objects now: 4205.
Memory consumption went from 89.4 MB to 88.5 MB.
Total: 18.916700 ms (FindLiveObjects: 1.391100 ms CreateObjectMapping: 0.406200 ms MarkObjects: 14.031400 ms  DeleteObjects: 3.084700 ms)

Prepare: number of updated asset objects reloaded= 0
========================================================================
Received Prepare
Begin MonoManager ReloadAssembly
- Loaded All Assemblies, in  0.972 seconds
Refreshing native plugins compatible for Editor in 1.17 ms, found 3 plugins.
Native extension for WindowsStandalone target not found
Native extension for WebGL target not found
Mono: successfully reloaded assembly
- Finished resetting the current domain, in  0.897 seconds
Domain Reload Profiling: 1871ms
	BeginReloadAssembly (324ms)
		ExecutionOrderSort (0ms)
		DisableScriptedObjects (10ms)
		BackupInstance (0ms)
		ReleaseScriptingObjects (0ms)
		CreateAndSetChildDomain (72ms)
	RebuildCommonClasses (67ms)
	RebuildNativeTypeToScriptingClass (25ms)
	initialDomainReloadingComplete (35ms)
	LoadAllAssembliesAndSetupDomain (522ms)
		LoadAssemblies (479ms)
		RebuildTransferFunctionScriptingTraits (0ms)
		AnalyzeDomain (226ms)
			TypeCache.Refresh (9ms)
				TypeCache.ScanAssembly (0ms)
			BuildScriptInfoCaches (204ms)
			ResolveRequiredComponents (6ms)
	FinalizeReload (898ms)
		ReleaseScriptCaches (0ms)
		RebuildScriptCaches (0ms)
		SetupLoadedEditorAssemblies (727ms)
			LogAssemblyErrors (0ms)
			InitializePlatformSupportModulesInManaged (4ms)
			SetLoadedEditorAssemblies (6ms)
			BeforeProcessingInitializeOnLoad (130ms)
			ProcessInitializeOnLoadAttributes (536ms)
			ProcessInitializeOnLoadMethodAttributes (42ms)
			AfterProcessingInitializeOnLoad (9ms)
			EditorAssembliesLoaded (0ms)
		ExecutionOrderSort2 (0ms)
		AwakeInstancesAfterBackupRestoration (11ms)
Refreshing native plugins compatible for Editor in 2.03 ms, found 3 plugins.
Preloading 0 native plugins for Editor in 0.00 ms.
Unloading 0 Unused Serialized files (Serialized files now loaded: 0)
Unloading 3706 unused Assets / (1.3 MB). Loaded Objects now: 4205.
Memory consumption went from 89.2 MB to 87.9 MB.
Total: 15.941000 ms (FindLiveObjects: 0.906900 ms CreateObjectMapping: 0.589600 ms MarkObjects: 12.763700 ms  DeleteObjects: 1.679000 ms)

Prepare: number of updated asset objects reloaded= 0
========================================================================
Received Prepare
Begin MonoManager ReloadAssembly
- Loaded All Assemblies, in  0.879 seconds
Refreshing native plugins compatible for Editor in 1.99 ms, found 3 plugins.
Native extension for WindowsStandalone target not found
Native extension for WebGL target not found
Mono: successfully reloaded assembly
- Finished resetting the current domain, in  0.948 seconds
Domain Reload Profiling: 1825ms
	BeginReloadAssembly (284ms)
		ExecutionOrderSort (0ms)
		DisableScriptedObjects (10ms)
		BackupInstance (0ms)
		ReleaseScriptingObjects (0ms)
		CreateAndSetChildDomain (63ms)
	RebuildCommonClasses (56ms)
	RebuildNativeTypeToScriptingClass (21ms)
	initialDomainReloadingComplete (48ms)
	LoadAllAssembliesAndSetupDomain (467ms)
		LoadAssemblies (408ms)
		RebuildTransferFunctionScriptingTraits (0ms)
		AnalyzeDomain (218ms)
			TypeCache.Refresh (9ms)
				TypeCache.ScanAssembly (0ms)
			BuildScriptInfoCaches (197ms)
			ResolveRequiredComponents (6ms)
	FinalizeReload (949ms)
		ReleaseScriptCaches (0ms)
		RebuildScriptCaches (0ms)
		SetupLoadedEditorAssemblies (733ms)
			LogAssemblyErrors (0ms)
			InitializePlatformSupportModulesInManaged (5ms)
			SetLoadedEditorAssemblies (7ms)
			BeforeProcessingInitializeOnLoad (157ms)
			ProcessInitializeOnLoadAttributes (515ms)
			ProcessInitializeOnLoadMethodAttributes (41ms)
			AfterProcessingInitializeOnLoad (7ms)
			EditorAssembliesLoaded (0ms)
		ExecutionOrderSort2 (0ms)
		AwakeInstancesAfterBackupRestoration (10ms)
Refreshing native plugins compatible for Editor in 3.12 ms, found 3 plugins.
Preloading 0 native plugins for Editor in 0.00 ms.
Unloading 0 Unused Serialized files (Serialized files now loaded: 0)
Unloading 3706 unused Assets / (0.9 MB). Loaded Objects now: 4205.
Memory consumption went from 89.2 MB to 88.4 MB.
Total: 14.517900 ms (FindLiveObjects: 2.121800 ms CreateObjectMapping: 0.502400 ms MarkObjects: 10.336600 ms  DeleteObjects: 1.555700 ms)

Prepare: number of updated asset objects reloaded= 0
========================================================================
Received Prepare
Refreshing native plugins compatible for Editor in 11.49 ms, found 3 plugins.
Preloading 0 native plugins for Editor in 0.00 ms.
Unloading 0 Unused Serialized files (Serialized files now loaded: 0)
Unloading 3699 unused Assets / (1.3 MB). Loaded Objects now: 4205.
Memory consumption went from 89.4 MB to 88.1 MB.
Total: 17.542200 ms (FindLiveObjects: 1.055500 ms CreateObjectMapping: 0.412800 ms MarkObjects: 13.795800 ms  DeleteObjects: 2.275800 ms)

Prepare: number of updated asset objects reloaded= 0
========================================================================
Received Prepare
Refreshing native plugins compatible for Editor in 2.93 ms, found 3 plugins.
Preloading 0 native plugins for Editor in 0.00 ms.
Unloading 0 Unused Serialized files (Serialized files now loaded: 0)
Unloading 3699 unused Assets / (0.9 MB). Loaded Objects now: 4205.
Memory consumption went from 89.4 MB to 88.5 MB.
Total: 24.134700 ms (FindLiveObjects: 1.472100 ms CreateObjectMapping: 0.357600 ms MarkObjects: 18.943000 ms  DeleteObjects: 3.359200 ms)

Prepare: number of updated asset objects reloaded= 0
========================================================================
Received Prepare
Begin MonoManager ReloadAssembly
- Loaded All Assemblies, in  0.894 seconds
Refreshing native plugins compatible for Editor in 1.40 ms, found 3 plugins.
Native extension for WindowsStandalone target not found
Native extension for WebGL target not found
Mono: successfully reloaded assembly
- Finished resetting the current domain, in  0.873 seconds
Domain Reload Profiling: 1766ms
	BeginReloadAssembly (278ms)
		ExecutionOrderSort (0ms)
		DisableScriptedObjects (10ms)
		BackupInstance (0ms)
		ReleaseScriptingObjects (0ms)
		CreateAndSetChildDomain (60ms)
	RebuildCommonClasses (55ms)
	RebuildNativeTypeToScriptingClass (20ms)
	initialDomainReloadingComplete (43ms)
	LoadAllAssembliesAndSetupDomain (495ms)
		LoadAssemblies (426ms)
		RebuildTransferFunctionScriptingTraits (0ms)
		AnalyzeDomain (221ms)
			TypeCache.Refresh (12ms)
				TypeCache.ScanAssembly (0ms)
			BuildScriptInfoCaches (198ms)
			ResolveRequiredComponents (6ms)
	FinalizeReload (874ms)
		ReleaseScriptCaches (0ms)
		RebuildScriptCaches (0ms)
		SetupLoadedEditorAssemblies (696ms)
			LogAssemblyErrors (0ms)
			InitializePlatformSupportModulesInManaged (4ms)
			SetLoadedEditorAssemblies (5ms)
			BeforeProcessingInitializeOnLoad (144ms)
			ProcessInitializeOnLoadAttributes (482ms)
			ProcessInitializeOnLoadMethodAttributes (54ms)
			AfterProcessingInitializeOnLoad (7ms)
			EditorAssembliesLoaded (0ms)
		ExecutionOrderSort2 (0ms)
		AwakeInstancesAfterBackupRestoration (11ms)
Refreshing native plugins compatible for Editor in 2.75 ms, found 3 plugins.
Preloading 0 native plugins for Editor in 0.00 ms.
Unloading 0 Unused Serialized files (Serialized files now loaded: 0)
Unloading 3706 unused Assets / (0.9 MB). Loaded Objects now: 4205.
Memory consumption went from 89.2 MB to 88.3 MB.
Total: 21.455800 ms (FindLiveObjects: 2.365500 ms CreateObjectMapping: 0.572700 ms MarkObjects: 14.932200 ms  DeleteObjects: 3.582200 ms)

Prepare: number of updated asset objects reloaded= 0
========================================================================
Received Prepare
Begin MonoManager ReloadAssembly
- Loaded All Assemblies, in  0.858 seconds
Refreshing native plugins compatible for Editor in 1.29 ms, found 3 plugins.
Native extension for WindowsStandalone target not found
Native extension for WebGL target not found
Mono: successfully reloaded assembly
- Finished resetting the current domain, in  0.963 seconds
Domain Reload Profiling: 1822ms
	BeginReloadAssembly (258ms)
		ExecutionOrderSort (0ms)
		DisableScriptedObjects (9ms)
		BackupInstance (0ms)
		ReleaseScriptingObjects (0ms)
		CreateAndSetChildDomain (54ms)
	RebuildCommonClasses (50ms)
	RebuildNativeTypeToScriptingClass (18ms)
	initialDomainReloadingComplete (42ms)
	LoadAllAssembliesAndSetupDomain (490ms)
		LoadAssemblies (427ms)
		RebuildTransferFunctionScriptingTraits (0ms)
		AnalyzeDomain (209ms)
			TypeCache.Refresh (7ms)
				TypeCache.ScanAssembly (0ms)
			BuildScriptInfoCaches (185ms)
			ResolveRequiredComponents (11ms)
	FinalizeReload (963ms)
		ReleaseScriptCaches (0ms)
		RebuildScriptCaches (0ms)
		SetupLoadedEditorAssemblies (732ms)
			LogAssemblyErrors (0ms)
			InitializePlatformSupportModulesInManaged (6ms)
			SetLoadedEditorAssemblies (9ms)
			BeforeProcessingInitializeOnLoad (179ms)
			ProcessInitializeOnLoadAttributes (489ms)
			ProcessInitializeOnLoadMethodAttributes (42ms)
			AfterProcessingInitializeOnLoad (6ms)
			EditorAssembliesLoaded (0ms)
		ExecutionOrderSort2 (0ms)
		AwakeInstancesAfterBackupRestoration (11ms)
Refreshing native plugins compatible for Editor in 1.89 ms, found 3 plugins.
Preloading 0 native plugins for Editor in 0.00 ms.
Unloading 0 Unused Serialized files (Serialized files now loaded: 0)
Unloading 3706 unused Assets / (0.9 MB). Loaded Objects now: 4205.
Memory consumption went from 89.2 MB to 88.3 MB.
Total: 15.215000 ms (FindLiveObjects: 1.256900 ms CreateObjectMapping: 0.518700 ms MarkObjects: 11.936700 ms  DeleteObjects: 1.501200 ms)

Prepare: number of updated asset objects reloaded= 0
========================================================================
Received Prepare
Refreshing native plugins compatible for Editor in 4.67 ms, found 3 plugins.
Preloading 0 native plugins for Editor in 0.00 ms.
Unloading 0 Unused Serialized files (Serialized files now loaded: 0)
Unloading 3699 unused Assets / (1.4 MB). Loaded Objects now: 4205.
Memory consumption went from 89.4 MB to 88.0 MB.
Total: 32.529500 ms (FindLiveObjects: 0.998800 ms CreateObjectMapping: 0.364500 ms MarkObjects: 28.884800 ms  DeleteObjects: 2.279600 ms)

Prepare: number of updated asset objects reloaded= 0
========================================================================
Received Prepare
Begin MonoManager ReloadAssembly
- Loaded All Assemblies, in  0.879 seconds
Refreshing native plugins compatible for Editor in 1.70 ms, found 3 plugins.
Native extension for WindowsStandalone target not found
Native extension for WebGL target not found
Mono: successfully reloaded assembly
- Finished resetting the current domain, in  0.992 seconds
Domain Reload Profiling: 1872ms
	BeginReloadAssembly (278ms)
		ExecutionOrderSort (0ms)
		DisableScriptedObjects (9ms)
		BackupInstance (0ms)
		ReleaseScriptingObjects (0ms)
		CreateAndSetChildDomain (66ms)
	RebuildCommonClasses (59ms)
	RebuildNativeTypeToScriptingClass (18ms)
	initialDomainReloadingComplete (45ms)
	LoadAllAssembliesAndSetupDomain (480ms)
		LoadAssemblies (414ms)
		RebuildTransferFunctionScriptingTraits (0ms)
		AnalyzeDomain (220ms)
			TypeCache.Refresh (10ms)
				TypeCache.ScanAssembly (0ms)
			BuildScriptInfoCaches (196ms)
			ResolveRequiredComponents (8ms)
	FinalizeReload (993ms)
		ReleaseScriptCaches (0ms)
		RebuildScriptCaches (0ms)
		SetupLoadedEditorAssemblies (824ms)
			LogAssemblyErrors (0ms)
			InitializePlatformSupportModulesInManaged (5ms)
			SetLoadedEditorAssemblies (8ms)
			BeforeProcessingInitializeOnLoad (175ms)
			ProcessInitializeOnLoadAttributes (589ms)
			ProcessInitializeOnLoadMethodAttributes (41ms)
			AfterProcessingInitializeOnLoad (7ms)
			EditorAssembliesLoaded (0ms)
		ExecutionOrderSort2 (0ms)
		AwakeInstancesAfterBackupRestoration (8ms)
Refreshing native plugins compatible for Editor in 2.38 ms, found 3 plugins.
Preloading 0 native plugins for Editor in 0.00 ms.
Unloading 0 Unused Serialized files (Serialized files now loaded: 0)
Unloading 3706 unused Assets / (1.3 MB). Loaded Objects now: 4205.
Memory consumption went from 89.2 MB to 87.9 MB.
Total: 12.613800 ms (FindLiveObjects: 0.796600 ms CreateObjectMapping: 0.431600 ms MarkObjects: 9.118500 ms  DeleteObjects: 2.252000 ms)

Prepare: number of updated asset objects reloaded= 0
========================================================================
Received Prepare
Begin MonoManager ReloadAssembly
- Loaded All Assemblies, in  0.863 seconds
Refreshing native plugins compatible for Editor in 1.75 ms, found 3 plugins.
Native extension for WindowsStandalone target not found
Native extension for WebGL target not found
Mono: successfully reloaded assembly
- Finished resetting the current domain, in  0.916 seconds
Domain Reload Profiling: 1779ms
	BeginReloadAssembly (260ms)
		ExecutionOrderSort (0ms)
		DisableScriptedObjects (11ms)
		BackupInstance (0ms)
		ReleaseScriptingObjects (0ms)
		CreateAndSetChildDomain (62ms)
	RebuildCommonClasses (64ms)
	RebuildNativeTypeToScriptingClass (19ms)
	initialDomainReloadingComplete (44ms)
	LoadAllAssembliesAndSetupDomain (476ms)
		LoadAssemblies (389ms)
		RebuildTransferFunctionScriptingTraits (0ms)
		AnalyzeDomain (226ms)
			TypeCache.Refresh (7ms)
				TypeCache.ScanAssembly (0ms)
			BuildScriptInfoCaches (206ms)
			ResolveRequiredComponents (7ms)
	FinalizeReload (917ms)
		ReleaseScriptCaches (0ms)
		RebuildScriptCaches (0ms)
		SetupLoadedEditorAssemblies (705ms)
			LogAssemblyErrors (0ms)
			InitializePlatformSupportModulesInManaged (5ms)
			SetLoadedEditorAssemblies (6ms)
			BeforeProcessingInitializeOnLoad (126ms)
			ProcessInitializeOnLoadAttributes (520ms)
			ProcessInitializeOnLoadMethodAttributes (40ms)
			AfterProcessingInitializeOnLoad (7ms)
			EditorAssembliesLoaded (0ms)
		ExecutionOrderSort2 (0ms)
		AwakeInstancesAfterBackupRestoration (9ms)
Refreshing native plugins compatible for Editor in 2.05 ms, found 3 plugins.
Preloading 0 native plugins for Editor in 0.00 ms.
Unloading 0 Unused Serialized files (Serialized files now loaded: 0)
Unloading 3706 unused Assets / (1.3 MB). Loaded Objects now: 4205.
Memory consumption went from 89.2 MB to 87.9 MB.
Total: 20.315900 ms (FindLiveObjects: 0.782600 ms CreateObjectMapping: 0.332000 ms MarkObjects: 15.720900 ms  DeleteObjects: 3.478700 ms)

Prepare: number of updated asset objects reloaded= 0
========================================================================
Received Prepare
Refreshing native plugins compatible for Editor in 3.83 ms, found 3 plugins.
Preloading 0 native plugins for Editor in 0.00 ms.
Unloading 0 Unused Serialized files (Serialized files now loaded: 0)
Unloading 3699 unused Assets / (1.3 MB). Loaded Objects now: 4205.
Memory consumption went from 89.4 MB to 88.1 MB.
Total: 14.802900 ms (FindLiveObjects: 0.958700 ms CreateObjectMapping: 0.335000 ms MarkObjects: 11.340100 ms  DeleteObjects: 2.166900 ms)

Prepare: number of updated asset objects reloaded= 0
========================================================================
Received Prepare
Begin MonoManager ReloadAssembly
- Loaded All Assemblies, in  0.892 seconds
Refreshing native plugins compatible for Editor in 1.67 ms, found 3 plugins.
Native extension for WindowsStandalone target not found
Native extension for WebGL target not found
Mono: successfully reloaded assembly
- Finished resetting the current domain, in  0.966 seconds
Domain Reload Profiling: 1855ms
	BeginReloadAssembly (268ms)
		ExecutionOrderSort (0ms)
		DisableScriptedObjects (9ms)
		BackupInstance (0ms)
		ReleaseScriptingObjects (0ms)
		CreateAndSetChildDomain (58ms)
	RebuildCommonClasses (56ms)
	RebuildNativeTypeToScriptingClass (21ms)
	initialDomainReloadingComplete (42ms)
	LoadAllAssembliesAndSetupDomain (503ms)
		LoadAssemblies (415ms)
		RebuildTransferFunctionScriptingTraits (0ms)
		AnalyzeDomain (236ms)
			TypeCache.Refresh (12ms)
				TypeCache.ScanAssembly (0ms)
			BuildScriptInfoCaches (209ms)
			ResolveRequiredComponents (8ms)
	FinalizeReload (966ms)
		ReleaseScriptCaches (0ms)
		RebuildScriptCaches (0ms)
		SetupLoadedEditorAssemblies (783ms)
			LogAssemblyErrors (0ms)
			InitializePlatformSupportModulesInManaged (4ms)
			SetLoadedEditorAssemblies (6ms)
			BeforeProcessingInitializeOnLoad (165ms)
			ProcessInitializeOnLoadAttributes (555ms)
			ProcessInitializeOnLoadMethodAttributes (46ms)
			AfterProcessingInitializeOnLoad (7ms)
			EditorAssembliesLoaded (0ms)
		ExecutionOrderSort2 (0ms)
		AwakeInstancesAfterBackupRestoration (9ms)
Refreshing native plugins compatible for Editor in 2.40 ms, found 3 plugins.
Preloading 0 native plugins for Editor in 0.00 ms.
Unloading 0 Unused Serialized files (Serialized files now loaded: 0)
Unloading 3706 unused Assets / (0.9 MB). Loaded Objects now: 4205.
Memory consumption went from 89.2 MB to 88.3 MB.
Total: 25.797900 ms (FindLiveObjects: 2.451200 ms CreateObjectMapping: 0.594300 ms MarkObjects: 19.407100 ms  DeleteObjects: 3.342800 ms)

Prepare: number of updated asset objects reloaded= 0
========================================================================
Received Prepare
Begin MonoManager ReloadAssembly
- Loaded All Assemblies, in  0.958 seconds
Refreshing native plugins compatible for Editor in 1.55 ms, found 3 plugins.
Native extension for WindowsStandalone target not found
Native extension for WebGL target not found
Mono: successfully reloaded assembly
- Finished resetting the current domain, in  0.913 seconds
Domain Reload Profiling: 1872ms
	BeginReloadAssembly (277ms)
		ExecutionOrderSort (0ms)
		DisableScriptedObjects (9ms)
		BackupInstance (0ms)
		ReleaseScriptingObjects (0ms)
		CreateAndSetChildDomain (60ms)
	RebuildCommonClasses (59ms)
	RebuildNativeTypeToScriptingClass (17ms)
	initialDomainReloadingComplete (42ms)
	LoadAllAssembliesAndSetupDomain (563ms)
		LoadAssemblies (450ms)
		RebuildTransferFunctionScriptingTraits (0ms)
		AnalyzeDomain (269ms)
			TypeCache.Refresh (12ms)
				TypeCache.ScanAssembly (0ms)
			BuildScriptInfoCaches (237ms)
			ResolveRequiredComponents (13ms)
	FinalizeReload (914ms)
		ReleaseScriptCaches (0ms)
		RebuildScriptCaches (0ms)
		SetupLoadedEditorAssemblies (720ms)
			LogAssemblyErrors (0ms)
			InitializePlatformSupportModulesInManaged (7ms)
			SetLoadedEditorAssemblies (6ms)
			BeforeProcessingInitializeOnLoad (151ms)
			ProcessInitializeOnLoadAttributes (501ms)
			ProcessInitializeOnLoadMethodAttributes (48ms)
			AfterProcessingInitializeOnLoad (8ms)
			EditorAssembliesLoaded (0ms)
		ExecutionOrderSort2 (0ms)
		AwakeInstancesAfterBackupRestoration (9ms)
Refreshing native plugins compatible for Editor in 2.07 ms, found 3 plugins.
Preloading 0 native plugins for Editor in 0.00 ms.
Unloading 0 Unused Serialized files (Serialized files now loaded: 0)
Unloading 3706 unused Assets / (1.2 MB). Loaded Objects now: 4205.
Memory consumption went from 89.2 MB to 88.0 MB.
Total: 17.848300 ms (FindLiveObjects: 1.120000 ms CreateObjectMapping: 0.477700 ms MarkObjects: 14.095400 ms  DeleteObjects: 2.153100 ms)

Prepare: number of updated asset objects reloaded= 0
========================================================================
Received Prepare
Refreshing native plugins compatible for Editor in 3.71 ms, found 3 plugins.
Preloading 0 native plugins for Editor in 0.00 ms.
Unloading 0 Unused Serialized files (Serialized files now loaded: 0)
Unloading 3699 unused Assets / (0.9 MB). Loaded Objects now: 4205.
Memory consumption went from 89.4 MB to 88.5 MB.
Total: 16.301300 ms (FindLiveObjects: 1.205500 ms CreateObjectMapping: 0.726500 ms MarkObjects: 12.160800 ms  DeleteObjects: 2.205800 ms)

Prepare: number of updated asset objects reloaded= 0
========================================================================
Received Prepare
Begin MonoManager ReloadAssembly
- Loaded All Assemblies, in  0.958 seconds
Refreshing native plugins compatible for Editor in 1.52 ms, found 3 plugins.
Native extension for WindowsStandalone target not found
Native extension for WebGL target not found
Mono: successfully reloaded assembly
- Finished resetting the current domain, in  0.822 seconds
Domain Reload Profiling: 1779ms
	BeginReloadAssembly (301ms)
		ExecutionOrderSort (0ms)
		DisableScriptedObjects (11ms)
		BackupInstance (0ms)
		ReleaseScriptingObjects (0ms)
		CreateAndSetChildDomain (71ms)
	RebuildCommonClasses (71ms)
	RebuildNativeTypeToScriptingClass (24ms)
	initialDomainReloadingComplete (48ms)
	LoadAllAssembliesAndSetupDomain (513ms)
		LoadAssemblies (459ms)
		RebuildTransferFunctionScriptingTraits (0ms)
		AnalyzeDomain (218ms)
			TypeCache.Refresh (9ms)
				TypeCache.ScanAssembly (0ms)
			BuildScriptInfoCaches (191ms)
			ResolveRequiredComponents (9ms)
	FinalizeReload (823ms)
		ReleaseScriptCaches (0ms)
		RebuildScriptCaches (0ms)
		SetupLoadedEditorAssemblies (647ms)
			LogAssemblyErrors (0ms)
			InitializePlatformSupportModulesInManaged (5ms)
			SetLoadedEditorAssemblies (6ms)
			BeforeProcessingInitializeOnLoad (131ms)
			ProcessInitializeOnLoadAttributes (463ms)
			ProcessInitializeOnLoadMethodAttributes (36ms)
			AfterProcessingInitializeOnLoad (6ms)
			EditorAssembliesLoaded (0ms)
		ExecutionOrderSort2 (0ms)
		AwakeInstancesAfterBackupRestoration (8ms)
Refreshing native plugins compatible for Editor in 1.99 ms, found 3 plugins.
Preloading 0 native plugins for Editor in 0.00 ms.
Unloading 0 Unused Serialized files (Serialized files now loaded: 0)
Unloading 3706 unused Assets / (1.6 MB). Loaded Objects now: 4205.
Memory consumption went from 89.2 MB to 87.6 MB.
Total: 14.690100 ms (FindLiveObjects: 1.415500 ms CreateObjectMapping: 1.084900 ms MarkObjects: 9.419000 ms  DeleteObjects: 2.768500 ms)

Prepare: number of updated asset objects reloaded= 0
========================================================================
Received Prepare
Refreshing native plugins compatible for Editor in 2.15 ms, found 3 plugins.
Preloading 0 native plugins for Editor in 0.00 ms.
Unloading 0 Unused Serialized files (Serialized files now loaded: 0)
Unloading 3698 unused Assets / (0.9 MB). Loaded Objects now: 4204.
Memory consumption went from 89.4 MB to 88.5 MB.
Total: 20.462800 ms (FindLiveObjects: 1.847100 ms CreateObjectMapping: 0.458800 ms MarkObjects: 14.720600 ms  DeleteObjects: 3.433400 ms)

Prepare: number of updated asset objects reloaded= 0
========================================================================
Received Prepare
Begin MonoManager ReloadAssembly
- Loaded All Assemblies, in  0.889 seconds
Refreshing native plugins compatible for Editor in 2.02 ms, found 3 plugins.
Native extension for WindowsStandalone target not found
Native extension for WebGL target not found
Mono: successfully reloaded assembly
- Finished resetting the current domain, in  0.977 seconds
Domain Reload Profiling: 1866ms
	BeginReloadAssembly (286ms)
		ExecutionOrderSort (0ms)
		DisableScriptedObjects (10ms)
		BackupInstance (0ms)
		ReleaseScriptingObjects (0ms)
		CreateAndSetChildDomain (65ms)
	RebuildCommonClasses (60ms)
	RebuildNativeTypeToScriptingClass (25ms)
	initialDomainReloadingComplete (36ms)
	LoadAllAssembliesAndSetupDomain (481ms)
		LoadAssemblies (431ms)
		RebuildTransferFunctionScriptingTraits (0ms)
		AnalyzeDomain (207ms)
			TypeCache.Refresh (9ms)
				TypeCache.ScanAssembly (0ms)
			BuildScriptInfoCaches (187ms)
			ResolveRequiredComponents (6ms)
	FinalizeReload (978ms)
		ReleaseScriptCaches (0ms)
		RebuildScriptCaches (0ms)
		SetupLoadedEditorAssemblies (800ms)
			LogAssemblyErrors (0ms)
			InitializePlatformSupportModulesInManaged (5ms)
			SetLoadedEditorAssemblies (9ms)
			BeforeProcessingInitializeOnLoad (123ms)
			ProcessInitializeOnLoadAttributes (593ms)
			ProcessInitializeOnLoadMethodAttributes (59ms)
			AfterProcessingInitializeOnLoad (10ms)
			EditorAssembliesLoaded (1ms)
		ExecutionOrderSort2 (0ms)
		AwakeInstancesAfterBackupRestoration (13ms)
Refreshing native plugins compatible for Editor in 2.41 ms, found 3 plugins.
Preloading 0 native plugins for Editor in 0.00 ms.
Unloading 0 Unused Serialized files (Serialized files now loaded: 0)
Unloading 3705 unused Assets / (2.4 MB). Loaded Objects now: 4204.
Memory consumption went from 89.2 MB to 86.8 MB.
Total: 23.038100 ms (FindLiveObjects: 5.727300 ms CreateObjectMapping: 0.953900 ms MarkObjects: 11.077600 ms  DeleteObjects: 5.277400 ms)

Prepare: number of updated asset objects reloaded= 0
========================================================================
Received Prepare
Begin MonoManager ReloadAssembly
- Loaded All Assemblies, in  0.866 seconds
Refreshing native plugins compatible for Editor in 1.82 ms, found 3 plugins.
Native extension for WindowsStandalone target not found
Native extension for WebGL target not found
Mono: successfully reloaded assembly
- Finished resetting the current domain, in  0.942 seconds
Domain Reload Profiling: 1807ms
	BeginReloadAssembly (263ms)
		ExecutionOrderSort (0ms)
		DisableScriptedObjects (8ms)
		BackupInstance (0ms)
		ReleaseScriptingObjects (0ms)
		CreateAndSetChildDomain (61ms)
	RebuildCommonClasses (56ms)
	RebuildNativeTypeToScriptingClass (17ms)
	initialDomainReloadingComplete (44ms)
	LoadAllAssembliesAndSetupDomain (484ms)
		LoadAssemblies (401ms)
		RebuildTransferFunctionScriptingTraits (0ms)
		AnalyzeDomain (227ms)
			TypeCache.Refresh (8ms)
				TypeCache.ScanAssembly (0ms)
			BuildScriptInfoCaches (204ms)
			ResolveRequiredComponents (8ms)
	FinalizeReload (943ms)
		ReleaseScriptCaches (0ms)
		RebuildScriptCaches (0ms)
		SetupLoadedEditorAssemblies (702ms)
			LogAssemblyErrors (0ms)
			InitializePlatformSupportModulesInManaged (7ms)
			SetLoadedEditorAssemblies (8ms)
			BeforeProcessingInitializeOnLoad (150ms)
			ProcessInitializeOnLoadAttributes (488ms)
			ProcessInitializeOnLoadMethodAttributes (42ms)
			AfterProcessingInitializeOnLoad (7ms)
			EditorAssembliesLoaded (0ms)
		ExecutionOrderSort2 (0ms)
		AwakeInstancesAfterBackupRestoration (10ms)
Refreshing native plugins compatible for Editor in 5.19 ms, found 3 plugins.
Preloading 0 native plugins for Editor in 0.00 ms.
Unloading 0 Unused Serialized files (Serialized files now loaded: 0)
Unloading 3705 unused Assets / (3.1 MB). Loaded Objects now: 4204.
Memory consumption went from 89.2 MB to 86.2 MB.
Total: 28.446700 ms (FindLiveObjects: 2.051200 ms CreateObjectMapping: 0.616100 ms MarkObjects: 15.531500 ms  DeleteObjects: 10.244500 ms)

Prepare: number of updated asset objects reloaded= 0
========================================================================
Received Prepare
Refreshing native plugins compatible for Editor in 23.77 ms, found 3 plugins.
Preloading 0 native plugins for Editor in 0.00 ms.
Unloading 0 Unused Serialized files (Serialized files now loaded: 0)
Unloading 3698 unused Assets / (2.1 MB). Loaded Objects now: 4204.
Memory consumption went from 89.4 MB to 87.3 MB.
Total: 37.551400 ms (FindLiveObjects: 0.887000 ms CreateObjectMapping: 0.699800 ms MarkObjects: 32.339200 ms  DeleteObjects: 3.623500 ms)

Prepare: number of updated asset objects reloaded= 0
========================================================================
Received Prepare
Begin MonoManager ReloadAssembly
- Loaded All Assemblies, in  1.026 seconds
Refreshing native plugins compatible for Editor in 1.11 ms, found 3 plugins.
Native extension for WindowsStandalone target not found
Native extension for WebGL target not found
Mono: successfully reloaded assembly
- Finished resetting the current domain, in  0.863 seconds
Domain Reload Profiling: 1889ms
	BeginReloadAssembly (313ms)
		ExecutionOrderSort (0ms)
		DisableScriptedObjects (11ms)
		BackupInstance (0ms)
		ReleaseScriptingObjects (0ms)
		CreateAndSetChildDomain (70ms)
	RebuildCommonClasses (67ms)
	RebuildNativeTypeToScriptingClass (26ms)
	initialDomainReloadingComplete (43ms)
	LoadAllAssembliesAndSetupDomain (576ms)
		LoadAssemblies (546ms)
		RebuildTransferFunctionScriptingTraits (0ms)
		AnalyzeDomain (206ms)
			TypeCache.Refresh (9ms)
				TypeCache.ScanAssembly (0ms)
			BuildScriptInfoCaches (183ms)
			ResolveRequiredComponents (7ms)
	FinalizeReload (864ms)
		ReleaseScriptCaches (0ms)
		RebuildScriptCaches (0ms)
		SetupLoadedEditorAssemblies (683ms)
			LogAssemblyErrors (0ms)
			InitializePlatformSupportModulesInManaged (4ms)
			SetLoadedEditorAssemblies (6ms)
			BeforeProcessingInitializeOnLoad (131ms)
			ProcessInitializeOnLoadAttributes (484ms)
			ProcessInitializeOnLoadMethodAttributes (45ms)
			AfterProcessingInitializeOnLoad (11ms)
			EditorAssembliesLoaded (1ms)
		ExecutionOrderSort2 (0ms)
		AwakeInstancesAfterBackupRestoration (14ms)
Refreshing native plugins compatible for Editor in 2.14 ms, found 3 plugins.
Preloading 0 native plugins for Editor in 0.00 ms.
Unloading 0 Unused Serialized files (Serialized files now loaded: 0)
Unloading 3705 unused Assets / (1.4 MB). Loaded Objects now: 4204.
Memory consumption went from 89.2 MB to 87.8 MB.
Total: 17.406300 ms (FindLiveObjects: 1.278600 ms CreateObjectMapping: 0.349500 ms MarkObjects: 11.806600 ms  DeleteObjects: 3.969300 ms)

Prepare: number of updated asset objects reloaded= 0
========================================================================
Received Prepare
Begin MonoManager ReloadAssembly
- Loaded All Assemblies, in  1.055 seconds
Refreshing native plugins compatible for Editor in 1.25 ms, found 3 plugins.
Native extension for WindowsStandalone target not found
Native extension for WebGL target not found
Mono: successfully reloaded assembly
- Finished resetting the current domain, in  0.842 seconds
Domain Reload Profiling: 1899ms
	BeginReloadAssembly (351ms)
		ExecutionOrderSort (0ms)
		DisableScriptedObjects (10ms)
		BackupInstance (0ms)
		ReleaseScriptingObjects (0ms)
		CreateAndSetChildDomain (108ms)
	RebuildCommonClasses (80ms)
	RebuildNativeTypeToScriptingClass (21ms)
	initialDomainReloadingComplete (41ms)
	LoadAllAssembliesAndSetupDomain (562ms)
		LoadAssemblies (474ms)
		RebuildTransferFunctionScriptingTraits (0ms)
		AnalyzeDomain (256ms)
			TypeCache.Refresh (14ms)
				TypeCache.ScanAssembly (0ms)
			BuildScriptInfoCaches (230ms)
			ResolveRequiredComponents (6ms)
	FinalizeReload (843ms)
		ReleaseScriptCaches (0ms)
		RebuildScriptCaches (0ms)
		SetupLoadedEditorAssemblies (647ms)
			LogAssemblyErrors (0ms)
			InitializePlatformSupportModulesInManaged (7ms)
			SetLoadedEditorAssemblies (9ms)
			BeforeProcessingInitializeOnLoad (145ms)
			ProcessInitializeOnLoadAttributes (440ms)
			ProcessInitializeOnLoadMethodAttributes (38ms)
			AfterProcessingInitializeOnLoad (8ms)
			EditorAssembliesLoaded (0ms)
		ExecutionOrderSort2 (0ms)
		AwakeInstancesAfterBackupRestoration (9ms)
Refreshing native plugins compatible for Editor in 2.25 ms, found 3 plugins.
Preloading 0 native plugins for Editor in 0.00 ms.
Unloading 0 Unused Serialized files (Serialized files now loaded: 0)
Unloading 3705 unused Assets / (0.8 MB). Loaded Objects now: 4204.
Memory consumption went from 89.2 MB to 88.4 MB.
Total: 12.971800 ms (FindLiveObjects: 0.878100 ms CreateObjectMapping: 0.446700 ms MarkObjects: 10.112500 ms  DeleteObjects: 1.532400 ms)

Prepare: number of updated asset objects reloaded= 0
========================================================================
Received Prepare
Begin MonoManager ReloadAssembly
- Loaded All Assemblies, in  0.851 seconds
Refreshing native plugins compatible for Editor in 1.80 ms, found 3 plugins.
Native extension for WindowsStandalone target not found
Native extension for WebGL target not found
Mono: successfully reloaded assembly
- Finished resetting the current domain, in  1.015 seconds
Domain Reload Profiling: 1866ms
	BeginReloadAssembly (268ms)
		ExecutionOrderSort (0ms)
		DisableScriptedObjects (10ms)
		BackupInstance (0ms)
		ReleaseScriptingObjects (0ms)
		CreateAndSetChildDomain (58ms)
	RebuildCommonClasses (55ms)
	RebuildNativeTypeToScriptingClass (21ms)
	initialDomainReloadingComplete (42ms)
	LoadAllAssembliesAndSetupDomain (465ms)
		LoadAssemblies (404ms)
		RebuildTransferFunctionScriptingTraits (0ms)
		AnalyzeDomain (210ms)
			TypeCache.Refresh (8ms)
				TypeCache.ScanAssembly (0ms)
			BuildScriptInfoCaches (190ms)
			ResolveRequiredComponents (5ms)
	FinalizeReload (1015ms)
		ReleaseScriptCaches (0ms)
		RebuildScriptCaches (0ms)
		SetupLoadedEditorAssemblies (819ms)
			LogAssemblyErrors (0ms)
			InitializePlatformSupportModulesInManaged (5ms)
			SetLoadedEditorAssemblies (7ms)
			BeforeProcessingInitializeOnLoad (172ms)
			ProcessInitializeOnLoadAttributes (592ms)
			ProcessInitializeOnLoadMethodAttributes (36ms)
			AfterProcessingInitializeOnLoad (7ms)
			EditorAssembliesLoaded (0ms)
		ExecutionOrderSort2 (0ms)
		AwakeInstancesAfterBackupRestoration (9ms)
Refreshing native plugins compatible for Editor in 6.49 ms, found 3 plugins.
Preloading 0 native plugins for Editor in 0.00 ms.
Unloading 0 Unused Serialized files (Serialized files now loaded: 0)
Unloading 3705 unused Assets / (2.8 MB). Loaded Objects now: 4204.
Memory consumption went from 89.2 MB to 86.4 MB.
Total: 22.421400 ms (FindLiveObjects: 1.319500 ms CreateObjectMapping: 1.561000 ms MarkObjects: 13.065300 ms  DeleteObjects: 6.472200 ms)

Prepare: number of updated asset objects reloaded= 0
========================================================================
Received Prepare
Begin MonoManager ReloadAssembly
- Loaded All Assemblies, in  0.889 seconds
Refreshing native plugins compatible for Editor in 1.17 ms, found 3 plugins.
Native extension for WindowsStandalone target not found
Native extension for WebGL target not found
Mono: successfully reloaded assembly
- Finished resetting the current domain, in  0.982 seconds
Domain Reload Profiling: 1871ms
	BeginReloadAssembly (267ms)
		ExecutionOrderSort (0ms)
		DisableScriptedObjects (10ms)
		BackupInstance (0ms)
		ReleaseScriptingObjects (0ms)
		CreateAndSetChildDomain (63ms)
	RebuildCommonClasses (50ms)
	RebuildNativeTypeToScriptingClass (19ms)
	initialDomainReloadingComplete (42ms)
	LoadAllAssembliesAndSetupDomain (509ms)
		LoadAssemblies (419ms)
		RebuildTransferFunctionScriptingTraits (0ms)
		AnalyzeDomain (235ms)
			TypeCache.Refresh (7ms)
				TypeCache.ScanAssembly (0ms)
			BuildScriptInfoCaches (214ms)
			ResolveRequiredComponents (7ms)
	FinalizeReload (983ms)
		ReleaseScriptCaches (0ms)
		RebuildScriptCaches (0ms)
		SetupLoadedEditorAssemblies (777ms)
			LogAssemblyErrors (0ms)
			InitializePlatformSupportModulesInManaged (6ms)
			SetLoadedEditorAssemblies (8ms)
			BeforeProcessingInitializeOnLoad (176ms)
			ProcessInitializeOnLoadAttributes (538ms)
			ProcessInitializeOnLoadMethodAttributes (42ms)
			AfterProcessingInitializeOnLoad (6ms)
			EditorAssembliesLoaded (0ms)
		ExecutionOrderSort2 (0ms)
		AwakeInstancesAfterBackupRestoration (9ms)
Refreshing native plugins compatible for Editor in 1.72 ms, found 3 plugins.
Preloading 0 native plugins for Editor in 0.00 ms.
Unloading 0 Unused Serialized files (Serialized files now loaded: 0)
Unloading 3705 unused Assets / (0.9 MB). Loaded Objects now: 4204.
Memory consumption went from 89.2 MB to 88.3 MB.
Total: 11.163600 ms (FindLiveObjects: 0.956400 ms CreateObjectMapping: 0.412200 ms MarkObjects: 8.215200 ms  DeleteObjects: 1.578000 ms)

Prepare: number of updated asset objects reloaded= 0
========================================================================
Received Prepare
Begin MonoManager ReloadAssembly
- Loaded All Assemblies, in  0.860 seconds
Refreshing native plugins compatible for Editor in 1.62 ms, found 3 plugins.
Native extension for WindowsStandalone target not found
Native extension for WebGL target not found
Mono: successfully reloaded assembly
- Finished resetting the current domain, in  0.974 seconds
Domain Reload Profiling: 1833ms
	BeginReloadAssembly (271ms)
		ExecutionOrderSort (0ms)
		DisableScriptedObjects (10ms)
		BackupInstance (0ms)
		ReleaseScriptingObjects (0ms)
		CreateAndSetChildDomain (62ms)
	RebuildCommonClasses (62ms)
	RebuildNativeTypeToScriptingClass (22ms)
	initialDomainReloadingComplete (33ms)
	LoadAllAssembliesAndSetupDomain (471ms)
		LoadAssemblies (412ms)
		RebuildTransferFunctionScriptingTraits (0ms)
		AnalyzeDomain (208ms)
			TypeCache.Refresh (9ms)
				TypeCache.ScanAssembly (0ms)
			BuildScriptInfoCaches (187ms)
			ResolveRequiredComponents (6ms)
	FinalizeReload (975ms)
		ReleaseScriptCaches (0ms)
		RebuildScriptCaches (0ms)
		SetupLoadedEditorAssemblies (790ms)
			LogAssemblyErrors (0ms)
			InitializePlatformSupportModulesInManaged (5ms)
			SetLoadedEditorAssemblies (7ms)
			BeforeProcessingInitializeOnLoad (158ms)
			ProcessInitializeOnLoadAttributes (573ms)
			ProcessInitializeOnLoadMethodAttributes (39ms)
			AfterProcessingInitializeOnLoad (9ms)
			EditorAssembliesLoaded (0ms)
		ExecutionOrderSort2 (0ms)
		AwakeInstancesAfterBackupRestoration (11ms)
Refreshing native plugins compatible for Editor in 3.22 ms, found 3 plugins.
Preloading 0 native plugins for Editor in 0.00 ms.
Unloading 0 Unused Serialized files (Serialized files now loaded: 0)
Unloading 3705 unused Assets / (1.0 MB). Loaded Objects now: 4204.
Memory consumption went from 89.2 MB to 88.2 MB.
Total: 12.926900 ms (FindLiveObjects: 0.772900 ms CreateObjectMapping: 0.431800 ms MarkObjects: 9.760300 ms  DeleteObjects: 1.960000 ms)

Prepare: number of updated asset objects reloaded= 0
========================================================================
Received Prepare
Begin MonoManager ReloadAssembly
- Loaded All Assemblies, in  0.857 seconds
Refreshing native plugins compatible for Editor in 1.81 ms, found 3 plugins.
Native extension for WindowsStandalone target not found
Native extension for WebGL target not found
Mono: successfully reloaded assembly
- Finished resetting the current domain, in  0.920 seconds
Domain Reload Profiling: 1776ms
	BeginReloadAssembly (257ms)
		ExecutionOrderSort (0ms)
		DisableScriptedObjects (9ms)
		BackupInstance (0ms)
		ReleaseScriptingObjects (0ms)
		CreateAndSetChildDomain (61ms)
	RebuildCommonClasses (49ms)
	RebuildNativeTypeToScriptingClass (20ms)
	initialDomainReloadingComplete (43ms)
	LoadAllAssembliesAndSetupDomain (487ms)
		LoadAssemblies (405ms)
		RebuildTransferFunctionScriptingTraits (0ms)
		AnalyzeDomain (219ms)
			TypeCache.Refresh (8ms)
				TypeCache.ScanAssembly (0ms)
			BuildScriptInfoCaches (200ms)
			ResolveRequiredComponents (6ms)
	FinalizeReload (920ms)
		ReleaseScriptCaches (0ms)
		RebuildScriptCaches (0ms)
		SetupLoadedEditorAssemblies (740ms)
			LogAssemblyErrors (0ms)
			InitializePlatformSupportModulesInManaged (5ms)
			SetLoadedEditorAssemblies (7ms)
			BeforeProcessingInitializeOnLoad (129ms)
			ProcessInitializeOnLoadAttributes (551ms)
			ProcessInitializeOnLoadMethodAttributes (40ms)
			AfterProcessingInitializeOnLoad (7ms)
			EditorAssembliesLoaded (0ms)
		ExecutionOrderSort2 (0ms)
		AwakeInstancesAfterBackupRestoration (12ms)
Refreshing native plugins compatible for Editor in 2.15 ms, found 3 plugins.
Preloading 0 native plugins for Editor in 0.00 ms.
Unloading 0 Unused Serialized files (Serialized files now loaded: 0)
Unloading 3705 unused Assets / (0.8 MB). Loaded Objects now: 4204.
Memory consumption went from 89.2 MB to 88.4 MB.
Total: 12.821100 ms (FindLiveObjects: 0.784800 ms CreateObjectMapping: 0.340700 ms MarkObjects: 9.060500 ms  DeleteObjects: 2.633200 ms)

Prepare: number of updated asset objects reloaded= 0
========================================================================
Received Prepare
Begin MonoManager ReloadAssembly
- Loaded All Assemblies, in  1.004 seconds
Refreshing native plugins compatible for Editor in 1.71 ms, found 3 plugins.
Native extension for WindowsStandalone target not found
Native extension for WebGL target not found
Mono: successfully reloaded assembly
- Finished resetting the current domain, in  0.952 seconds
Domain Reload Profiling: 1954ms
	BeginReloadAssembly (365ms)
		ExecutionOrderSort (0ms)
		DisableScriptedObjects (10ms)
		BackupInstance (0ms)
		ReleaseScriptingObjects (0ms)
		CreateAndSetChildDomain (111ms)
	RebuildCommonClasses (73ms)
	RebuildNativeTypeToScriptingClass (21ms)
	initialDomainReloadingComplete (43ms)
	LoadAllAssembliesAndSetupDomain (500ms)
		LoadAssemblies (482ms)
		RebuildTransferFunctionScriptingTraits (0ms)
		AnalyzeDomain (204ms)
			TypeCache.Refresh (8ms)
				TypeCache.ScanAssembly (0ms)
			BuildScriptInfoCaches (185ms)
			ResolveRequiredComponents (5ms)
	FinalizeReload (953ms)
		ReleaseScriptCaches (0ms)
		RebuildScriptCaches (0ms)
		SetupLoadedEditorAssemblies (766ms)
			LogAssemblyErrors (0ms)
			InitializePlatformSupportModulesInManaged (4ms)
			SetLoadedEditorAssemblies (6ms)
			BeforeProcessingInitializeOnLoad (173ms)
			ProcessInitializeOnLoadAttributes (533ms)
			ProcessInitializeOnLoadMethodAttributes (42ms)
			AfterProcessingInitializeOnLoad (8ms)
			EditorAssembliesLoaded (0ms)
		ExecutionOrderSort2 (0ms)
		AwakeInstancesAfterBackupRestoration (10ms)
Refreshing native plugins compatible for Editor in 1.76 ms, found 3 plugins.
Preloading 0 native plugins for Editor in 0.00 ms.
Unloading 0 Unused Serialized files (Serialized files now loaded: 0)
Unloading 3705 unused Assets / (1.0 MB). Loaded Objects now: 4204.
Memory consumption went from 89.2 MB to 88.2 MB.
Total: 18.417100 ms (FindLiveObjects: 1.451700 ms CreateObjectMapping: 0.463000 ms MarkObjects: 13.404900 ms  DeleteObjects: 3.095000 ms)

Prepare: number of updated asset objects reloaded= 0
========================================================================
Received Prepare
Refreshing native plugins compatible for Editor in 1.96 ms, found 3 plugins.
Preloading 0 native plugins for Editor in 0.00 ms.
Unloading 0 Unused Serialized files (Serialized files now loaded: 0)
Unloading 3698 unused Assets / (2.1 MB). Loaded Objects now: 4204.
Memory consumption went from 89.4 MB to 87.3 MB.
Total: 62.911000 ms (FindLiveObjects: 1.472700 ms CreateObjectMapping: 0.682200 ms MarkObjects: 56.735900 ms  DeleteObjects: 4.018100 ms)

Prepare: number of updated asset objects reloaded= 0
========================================================================
Received Import Request.
  Time since last request: 3586.723182 seconds.
  path: Assets/StylizedHandPaintedDungeon(Free)/Prefabs/Room.prefab
  artifactKey: Guid(121056d33be0a5547ad1cf35ffe03785) Importer(815301076,1909f56bfc062723c751e8b465ee728b)
Start importing Assets/StylizedHandPaintedDungeon(Free)/Prefabs/Room.prefab using Guid(121056d33be0a5547ad1cf35ffe03785) Importer(815301076,1909f56bfc062723c751e8b465ee728b) (PreviewImporter) -> (artifact id: '88b84f6f62ee8d7c26aff725779f4dc3') in 0.2562888 seconds
Number of updated asset objects reloaded before import = 0Number of asset objects unloaded after import = 259

========================================================================
Received Prepare
Begin MonoManager ReloadAssembly
- Loaded All Assemblies, in  0.886 seconds
Refreshing native plugins compatible for Editor in 1.54 ms, found 3 plugins.
Native extension for WindowsStandalone target not found
Native extension for WebGL target not found
Mono: successfully reloaded assembly
- Finished resetting the current domain, in  0.939 seconds
Domain Reload Profiling: 1824ms
	BeginReloadAssembly (281ms)
		ExecutionOrderSort (0ms)
		DisableScriptedObjects (12ms)
		BackupInstance (0ms)
		ReleaseScriptingObjects (0ms)
		CreateAndSetChildDomain (66ms)
	RebuildCommonClasses (57ms)
	RebuildNativeTypeToScriptingClass (21ms)
	initialDomainReloadingComplete (44ms)
	LoadAllAssembliesAndSetupDomain (480ms)
		LoadAssemblies (412ms)
		RebuildTransferFunctionScriptingTraits (0ms)
		AnalyzeDomain (220ms)
			TypeCache.Refresh (10ms)
				TypeCache.ScanAssembly (0ms)
			BuildScriptInfoCaches (193ms)
			ResolveRequiredComponents (10ms)
	FinalizeReload (940ms)
		ReleaseScriptCaches (0ms)
		RebuildScriptCaches (0ms)
		SetupLoadedEditorAssemblies (761ms)
			LogAssemblyErrors (0ms)
			InitializePlatformSupportModulesInManaged (5ms)
			SetLoadedEditorAssemblies (8ms)
			BeforeProcessingInitializeOnLoad (143ms)
			ProcessInitializeOnLoadAttributes (553ms)
			ProcessInitializeOnLoadMethodAttributes (44ms)
			AfterProcessingInitializeOnLoad (7ms)
			EditorAssembliesLoaded (0ms)
		ExecutionOrderSort2 (0ms)
		AwakeInstancesAfterBackupRestoration (9ms)
Refreshing native plugins compatible for Editor in 2.15 ms, found 3 plugins.
Preloading 0 native plugins for Editor in 0.00 ms.
Unloading 0 Unused Serialized files (Serialized files now loaded: 0)
Unloading 3705 unused Assets / (0.8 MB). Loaded Objects now: 4204.
Memory consumption went from 89.2 MB to 88.4 MB.
Total: 18.909900 ms (FindLiveObjects: 1.593700 ms CreateObjectMapping: 0.476500 ms MarkObjects: 13.696700 ms  DeleteObjects: 3.139300 ms)

Prepare: number of updated asset objects reloaded= 0
========================================================================
Received Prepare
Refreshing native plugins compatible for Editor in 10.50 ms, found 3 plugins.
Preloading 0 native plugins for Editor in 0.00 ms.
Unloading 0 Unused Serialized files (Serialized files now loaded: 0)
Unloading 3699 unused Assets / (0.9 MB). Loaded Objects now: 4205.
Memory consumption went from 89.4 MB to 88.5 MB.
Total: 11.922400 ms (FindLiveObjects: 0.804000 ms CreateObjectMapping: 0.401800 ms MarkObjects: 9.121300 ms  DeleteObjects: 1.593400 ms)

Prepare: number of updated asset objects reloaded= 0
========================================================================
Received Prepare
Begin MonoManager ReloadAssembly
- Loaded All Assemblies, in  0.874 seconds
Refreshing native plugins compatible for Editor in 1.72 ms, found 3 plugins.
Native extension for WindowsStandalone target not found
Native extension for WebGL target not found
Mono: successfully reloaded assembly
- Finished resetting the current domain, in  0.881 seconds
Domain Reload Profiling: 1757ms
	BeginReloadAssembly (290ms)
		ExecutionOrderSort (0ms)
		DisableScriptedObjects (8ms)
		BackupInstance (0ms)
		ReleaseScriptingObjects (0ms)
		CreateAndSetChildDomain (62ms)
	RebuildCommonClasses (56ms)
	RebuildNativeTypeToScriptingClass (22ms)
	initialDomainReloadingComplete (43ms)
	LoadAllAssembliesAndSetupDomain (466ms)
		LoadAssemblies (431ms)
		RebuildTransferFunctionScriptingTraits (0ms)
		AnalyzeDomain (199ms)
			TypeCache.Refresh (9ms)
				TypeCache.ScanAssembly (0ms)
			BuildScriptInfoCaches (179ms)
			ResolveRequiredComponents (6ms)
	FinalizeReload (882ms)
		ReleaseScriptCaches (0ms)
		RebuildScriptCaches (0ms)
		SetupLoadedEditorAssemblies (691ms)
			LogAssemblyErrors (0ms)
			InitializePlatformSupportModulesInManaged (7ms)
			SetLoadedEditorAssemblies (8ms)
			BeforeProcessingInitializeOnLoad (135ms)
			ProcessInitializeOnLoadAttributes (480ms)
			ProcessInitializeOnLoadMethodAttributes (50ms)
			AfterProcessingInitializeOnLoad (11ms)
			EditorAssembliesLoaded (0ms)
		ExecutionOrderSort2 (0ms)
		AwakeInstancesAfterBackupRestoration (12ms)
Refreshing native plugins compatible for Editor in 4.34 ms, found 3 plugins.
Preloading 0 native plugins for Editor in 0.00 ms.
Unloading 0 Unused Serialized files (Serialized files now loaded: 0)
Unloading 3706 unused Assets / (1.1 MB). Loaded Objects now: 4205.
Memory consumption went from 89.2 MB to 88.1 MB.
Total: 71.131900 ms (FindLiveObjects: 1.901800 ms CreateObjectMapping: 9.004600 ms MarkObjects: 56.690200 ms  DeleteObjects: 3.532300 ms)

Prepare: number of updated asset objects reloaded= 0
========================================================================
Received Prepare
Refreshing native plugins compatible for Editor in 2.51 ms, found 3 plugins.
Preloading 0 native plugins for Editor in 0.00 ms.
Unloading 0 Unused Serialized files (Serialized files now loaded: 0)
Unloading 3699 unused Assets / (0.8 MB). Loaded Objects now: 4205.
Memory consumption went from 89.4 MB to 88.6 MB.
Total: 13.091300 ms (FindLiveObjects: 0.988600 ms CreateObjectMapping: 0.494700 ms MarkObjects: 10.317300 ms  DeleteObjects: 1.289800 ms)

Prepare: number of updated asset objects reloaded= 0
========================================================================
Received Prepare
Refreshing native plugins compatible for Editor in 1.35 ms, found 3 plugins.
Preloading 0 native plugins for Editor in 0.00 ms.
Unloading 0 Unused Serialized files (Serialized files now loaded: 0)
Unloading 3699 unused Assets / (0.7 MB). Loaded Objects now: 4205.
Memory consumption went from 89.4 MB to 88.7 MB.
Total: 11.501400 ms (FindLiveObjects: 0.804600 ms CreateObjectMapping: 0.474700 ms MarkObjects: 8.564400 ms  DeleteObjects: 1.656100 ms)

Prepare: number of updated asset objects reloaded= 0
========================================================================
Received Prepare
Begin MonoManager ReloadAssembly
- Loaded All Assemblies, in  3.044 seconds
Refreshing native plugins compatible for Editor in 1.86 ms, found 3 plugins.
Native extension for WindowsStandalone target not found
Native extension for WebGL target not found
Mono: successfully reloaded assembly
- Finished resetting the current domain, in  0.640 seconds
Domain Reload Profiling: 3686ms
	BeginReloadAssembly (229ms)
		ExecutionOrderSort (0ms)
		DisableScriptedObjects (10ms)
		BackupInstance (0ms)
		ReleaseScriptingObjects (0ms)
		CreateAndSetChildDomain (56ms)
	RebuildCommonClasses (49ms)
	RebuildNativeTypeToScriptingClass (15ms)
	initialDomainReloadingComplete (44ms)
	LoadAllAssembliesAndSetupDomain (2708ms)
		LoadAssemblies (2633ms)
		RebuildTransferFunctionScriptingTraits (0ms)
		AnalyzeDomain (193ms)
			TypeCache.Refresh (10ms)
				TypeCache.ScanAssembly (0ms)
			BuildScriptInfoCaches (173ms)
			ResolveRequiredComponents (6ms)
	FinalizeReload (641ms)
		ReleaseScriptCaches (0ms)
		RebuildScriptCaches (0ms)
		SetupLoadedEditorAssemblies (498ms)
			LogAssemblyErrors (0ms)
			InitializePlatformSupportModulesInManaged (4ms)
			SetLoadedEditorAssemblies (5ms)
			BeforeProcessingInitializeOnLoad (110ms)
			ProcessInitializeOnLoadAttributes (339ms)
			ProcessInitializeOnLoadMethodAttributes (35ms)
			AfterProcessingInitializeOnLoad (4ms)
			EditorAssembliesLoaded (0ms)
		ExecutionOrderSort2 (0ms)
		AwakeInstancesAfterBackupRestoration (6ms)
Refreshing native plugins compatible for Editor in 1.34 ms, found 3 plugins.
Preloading 0 native plugins for Editor in 0.00 ms.
Unloading 0 Unused Serialized files (Serialized files now loaded: 0)
Unloading 3706 unused Assets / (0.9 MB). Loaded Objects now: 4205.
Memory consumption went from 91.2 MB to 90.3 MB.
Total: 13.670800 ms (FindLiveObjects: 0.753000 ms CreateObjectMapping: 0.304200 ms MarkObjects: 11.187200 ms  DeleteObjects: 1.424400 ms)

Prepare: number of updated asset objects reloaded= 0
========================================================================
Received Prepare
Begin MonoManager ReloadAssembly
- Loaded All Assemblies, in  0.679 seconds
Refreshing native plugins compatible for Editor in 1.45 ms, found 3 plugins.
Native extension for WindowsStandalone target not found
Native extension for WebGL target not found
Mono: successfully reloaded assembly
- Finished resetting the current domain, in  0.768 seconds
Domain Reload Profiling: 1446ms
	BeginReloadAssembly (222ms)
		ExecutionOrderSort (0ms)
		DisableScriptedObjects (6ms)
		BackupInstance (0ms)
		ReleaseScriptingObjects (0ms)
		CreateAndSetChildDomain (61ms)
	RebuildCommonClasses (41ms)
	RebuildNativeTypeToScriptingClass (13ms)
	initialDomainReloadingComplete (34ms)
	LoadAllAssembliesAndSetupDomain (368ms)
		LoadAssemblies (307ms)
		RebuildTransferFunctionScriptingTraits (0ms)
		AnalyzeDomain (168ms)
			TypeCache.Refresh (5ms)
				TypeCache.ScanAssembly (0ms)
			BuildScriptInfoCaches (154ms)
			ResolveRequiredComponents (5ms)
	FinalizeReload (769ms)
		ReleaseScriptCaches (0ms)
		RebuildScriptCaches (0ms)
		SetupLoadedEditorAssemblies (620ms)
			LogAssemblyErrors (0ms)
			InitializePlatformSupportModulesInManaged (4ms)
			SetLoadedEditorAssemblies (5ms)
			BeforeProcessingInitializeOnLoad (114ms)
			ProcessInitializeOnLoadAttributes (448ms)
			ProcessInitializeOnLoadMethodAttributes (42ms)
			AfterProcessingInitializeOnLoad (5ms)
			EditorAssembliesLoaded (0ms)
		ExecutionOrderSort2 (0ms)
		AwakeInstancesAfterBackupRestoration (10ms)
Refreshing native plugins compatible for Editor in 2.13 ms, found 3 plugins.
Preloading 0 native plugins for Editor in 0.00 ms.
Unloading 0 Unused Serialized files (Serialized files now loaded: 0)
Unloading 3706 unused Assets / (1.6 MB). Loaded Objects now: 4205.
Memory consumption went from 91.2 MB to 89.6 MB.
Total: 18.076900 ms (FindLiveObjects: 0.706900 ms CreateObjectMapping: 0.250500 ms MarkObjects: 13.884700 ms  DeleteObjects: 3.232200 ms)

Prepare: number of updated asset objects reloaded= 0
========================================================================
Received Prepare
Begin MonoManager ReloadAssembly
- Loaded All Assemblies, in  0.669 seconds
Refreshing native plugins compatible for Editor in 0.85 ms, found 3 plugins.
Native extension for WindowsStandalone target not found
Native extension for WebGL target not found
Mono: successfully reloaded assembly
- Finished resetting the current domain, in  0.855 seconds
Domain Reload Profiling: 1525ms
	BeginReloadAssembly (223ms)
		ExecutionOrderSort (0ms)
		DisableScriptedObjects (9ms)
		BackupInstance (0ms)
		ReleaseScriptingObjects (0ms)
		CreateAndSetChildDomain (54ms)
	RebuildCommonClasses (37ms)
	RebuildNativeTypeToScriptingClass (12ms)
	initialDomainReloadingComplete (30ms)
	LoadAllAssembliesAndSetupDomain (366ms)
		LoadAssemblies (318ms)
		RebuildTransferFunctionScriptingTraits (0ms)
		AnalyzeDomain (164ms)
			TypeCache.Refresh (6ms)
				TypeCache.ScanAssembly (0ms)
			BuildScriptInfoCaches (147ms)
			ResolveRequiredComponents (6ms)
	FinalizeReload (857ms)
		ReleaseScriptCaches (0ms)
		RebuildScriptCaches (0ms)
		SetupLoadedEditorAssemblies (694ms)
			LogAssemblyErrors (0ms)
			InitializePlatformSupportModulesInManaged (4ms)
			SetLoadedEditorAssemblies (15ms)
			BeforeProcessingInitializeOnLoad (137ms)
			ProcessInitializeOnLoadAttributes (487ms)
			ProcessInitializeOnLoadMethodAttributes (44ms)
			AfterProcessingInitializeOnLoad (6ms)
			EditorAssembliesLoaded (0ms)
		ExecutionOrderSort2 (0ms)
		AwakeInstancesAfterBackupRestoration (9ms)
Refreshing native plugins compatible for Editor in 1.82 ms, found 3 plugins.
Preloading 0 native plugins for Editor in 0.00 ms.
Unloading 0 Unused Serialized files (Serialized files now loaded: 0)
Unloading 3706 unused Assets / (2.1 MB). Loaded Objects now: 4205.
Memory consumption went from 91.2 MB to 89.1 MB.
Total: 22.004500 ms (FindLiveObjects: 2.111000 ms CreateObjectMapping: 0.568500 ms MarkObjects: 12.560800 ms  DeleteObjects: 6.760600 ms)

Prepare: number of updated asset objects reloaded= 0
========================================================================
Received Prepare
Begin MonoManager ReloadAssembly
- Loaded All Assemblies, in  0.681 seconds
Refreshing native plugins compatible for Editor in 1.24 ms, found 3 plugins.
Native extension for WindowsStandalone target not found
Native extension for WebGL target not found
Mono: successfully reloaded assembly
- Finished resetting the current domain, in  0.848 seconds
Domain Reload Profiling: 1530ms
	BeginReloadAssembly (222ms)
		ExecutionOrderSort (0ms)
		DisableScriptedObjects (6ms)
		BackupInstance (0ms)
		ReleaseScriptingObjects (0ms)
		CreateAndSetChildDomain (50ms)
	RebuildCommonClasses (36ms)
	RebuildNativeTypeToScriptingClass (13ms)
	initialDomainReloadingComplete (31ms)
	LoadAllAssembliesAndSetupDomain (380ms)
		LoadAssemblies (330ms)
		RebuildTransferFunctionScriptingTraits (0ms)
		AnalyzeDomain (174ms)
			TypeCache.Refresh (5ms)
				TypeCache.ScanAssembly (0ms)
			BuildScriptInfoCaches (157ms)
			ResolveRequiredComponents (7ms)
	FinalizeReload (849ms)
		ReleaseScriptCaches (0ms)
		RebuildScriptCaches (0ms)
		SetupLoadedEditorAssemblies (694ms)
			LogAssemblyErrors (0ms)
			InitializePlatformSupportModulesInManaged (3ms)
			SetLoadedEditorAssemblies (5ms)
			BeforeProcessingInitializeOnLoad (127ms)
			ProcessInitializeOnLoadAttributes (499ms)
			ProcessInitializeOnLoadMethodAttributes (50ms)
			AfterProcessingInitializeOnLoad (10ms)
			EditorAssembliesLoaded (0ms)
		ExecutionOrderSort2 (0ms)
		AwakeInstancesAfterBackupRestoration (10ms)
Refreshing native plugins compatible for Editor in 1.58 ms, found 3 plugins.
Preloading 0 native plugins for Editor in 0.00 ms.
Unloading 0 Unused Serialized files (Serialized files now loaded: 0)
Unloading 3706 unused Assets / (1.7 MB). Loaded Objects now: 4205.
Memory consumption went from 91.2 MB to 89.5 MB.
Total: 24.344900 ms (FindLiveObjects: 3.008200 ms CreateObjectMapping: 3.132800 ms MarkObjects: 11.976100 ms  DeleteObjects: 6.224900 ms)

Prepare: number of updated asset objects reloaded= 0
========================================================================
Received Prepare
Begin MonoManager ReloadAssembly
- Loaded All Assemblies, in  0.687 seconds
Refreshing native plugins compatible for Editor in 1.16 ms, found 3 plugins.
Native extension for WindowsStandalone target not found
Native extension for WebGL target not found
Mono: successfully reloaded assembly
- Finished resetting the current domain, in  0.791 seconds
Domain Reload Profiling: 1481ms
	BeginReloadAssembly (220ms)
		ExecutionOrderSort (0ms)
		DisableScriptedObjects (6ms)
		BackupInstance (0ms)
		ReleaseScriptingObjects (1ms)
		CreateAndSetChildDomain (54ms)
	RebuildCommonClasses (52ms)
	RebuildNativeTypeToScriptingClass (17ms)
	initialDomainReloadingComplete (29ms)
	LoadAllAssembliesAndSetupDomain (372ms)
		LoadAssemblies (304ms)
		RebuildTransferFunctionScriptingTraits (0ms)
		AnalyzeDomain (176ms)
			TypeCache.Refresh (6ms)
				TypeCache.ScanAssembly (0ms)
			BuildScriptInfoCaches (157ms)
			ResolveRequiredComponents (6ms)
	FinalizeReload (792ms)
		ReleaseScriptCaches (0ms)
		RebuildScriptCaches (0ms)
		SetupLoadedEditorAssemblies (639ms)
			LogAssemblyErrors (0ms)
			InitializePlatformSupportModulesInManaged (3ms)
			SetLoadedEditorAssemblies (5ms)
			BeforeProcessingInitializeOnLoad (118ms)
			ProcessInitializeOnLoadAttributes (455ms)
			ProcessInitializeOnLoadMethodAttributes (51ms)
			AfterProcessingInitializeOnLoad (7ms)
			EditorAssembliesLoaded (1ms)
		ExecutionOrderSort2 (0ms)
		AwakeInstancesAfterBackupRestoration (11ms)
Refreshing native plugins compatible for Editor in 1.47 ms, found 3 plugins.
Preloading 0 native plugins for Editor in 0.00 ms.
Unloading 0 Unused Serialized files (Serialized files now loaded: 0)
Unloading 3706 unused Assets / (3.4 MB). Loaded Objects now: 4205.
Memory consumption went from 91.2 MB to 87.8 MB.
Total: 57.877300 ms (FindLiveObjects: 1.632400 ms CreateObjectMapping: 1.447600 ms MarkObjects: 48.663600 ms  DeleteObjects: 6.132100 ms)

Prepare: number of updated asset objects reloaded= 0
========================================================================
Received Prepare
Refreshing native plugins compatible for Editor in 1.62 ms, found 3 plugins.
Preloading 0 native plugins for Editor in 0.00 ms.
Unloading 0 Unused Serialized files (Serialized files now loaded: 0)
Unloading 3699 unused Assets / (0.8 MB). Loaded Objects now: 4205.
Memory consumption went from 91.4 MB to 90.5 MB.
Total: 9.288200 ms (FindLiveObjects: 0.762800 ms CreateObjectMapping: 0.424200 ms MarkObjects: 6.776500 ms  DeleteObjects: 1.322900 ms)

Prepare: number of updated asset objects reloaded= 0
========================================================================
Received Prepare
Begin MonoManager ReloadAssembly
- Loaded All Assemblies, in  0.811 seconds
Refreshing native plugins compatible for Editor in 0.76 ms, found 3 plugins.
Native extension for WindowsStandalone target not found
Native extension for WebGL target not found
Mono: successfully reloaded assembly
- Finished resetting the current domain, in  0.619 seconds
Domain Reload Profiling: 1431ms
	BeginReloadAssembly (235ms)
		ExecutionOrderSort (0ms)
		DisableScriptedObjects (5ms)
		BackupInstance (0ms)
		ReleaseScriptingObjects (0ms)
		CreateAndSetChildDomain (52ms)
	RebuildCommonClasses (57ms)
	RebuildNativeTypeToScriptingClass (19ms)
	initialDomainReloadingComplete (39ms)
	LoadAllAssembliesAndSetupDomain (462ms)
		LoadAssemblies (394ms)
		RebuildTransferFunctionScriptingTraits (0ms)
		AnalyzeDomain (199ms)
			TypeCache.Refresh (12ms)
				TypeCache.ScanAssembly (0ms)
			BuildScriptInfoCaches (176ms)
			ResolveRequiredComponents (6ms)
	FinalizeReload (619ms)
		ReleaseScriptCaches (0ms)
		RebuildScriptCaches (0ms)
		SetupLoadedEditorAssemblies (502ms)
			LogAssemblyErrors (0ms)
			InitializePlatformSupportModulesInManaged (3ms)
			SetLoadedEditorAssemblies (4ms)
			BeforeProcessingInitializeOnLoad (90ms)
			ProcessInitializeOnLoadAttributes (364ms)
			ProcessInitializeOnLoadMethodAttributes (35ms)
			AfterProcessingInitializeOnLoad (5ms)
			EditorAssembliesLoaded (0ms)
		ExecutionOrderSort2 (0ms)
		AwakeInstancesAfterBackupRestoration (6ms)
Refreshing native plugins compatible for Editor in 4.83 ms, found 3 plugins.
Preloading 0 native plugins for Editor in 0.00 ms.
Unloading 0 Unused Serialized files (Serialized files now loaded: 0)
Unloading 3706 unused Assets / (1.4 MB). Loaded Objects now: 4205.
Memory consumption went from 91.2 MB to 89.8 MB.
Total: 26.187200 ms (FindLiveObjects: 2.859900 ms CreateObjectMapping: 2.777800 ms MarkObjects: 15.529500 ms  DeleteObjects: 5.016500 ms)

Prepare: number of updated asset objects reloaded= 0
========================================================================
Received Prepare
Refreshing native plugins compatible for Editor in 2.37 ms, found 3 plugins.
Preloading 0 native plugins for Editor in 0.00 ms.
Unloading 0 Unused Serialized files (Serialized files now loaded: 0)
Unloading 3700 unused Assets / (0.8 MB). Loaded Objects now: 4206.
Memory consumption went from 91.4 MB to 90.6 MB.
Total: 9.063600 ms (FindLiveObjects: 1.330300 ms CreateObjectMapping: 0.329700 ms MarkObjects: 6.147700 ms  DeleteObjects: 1.254300 ms)

Prepare: number of updated asset objects reloaded= 0
========================================================================
Received Import Request.
  Time since last request: 1054.106867 seconds.
  path: Assets/Scripts/PillarCollision.cs
  artifactKey: Guid(8413c0115cead6844b1666981bfedffb) Importer(815301076,1909f56bfc062723c751e8b465ee728b)
Start importing Assets/Scripts/PillarCollision.cs using Guid(8413c0115cead6844b1666981bfedffb) Importer(815301076,1909f56bfc062723c751e8b465ee728b) (PreviewImporter) -> (artifact id: 'bc6ddfd58226a14fb36a574cfbe2dab0') in 0.017206 seconds
Number of updated asset objects reloaded before import = 0Number of asset objects unloaded after import = 0

========================================================================
Received Prepare
Begin MonoManager ReloadAssembly
- Loaded All Assemblies, in  0.832 seconds
Refreshing native plugins compatible for Editor in 0.77 ms, found 3 plugins.
Native extension for WindowsStandalone target not found
Native extension for WebGL target not found
Mono: successfully reloaded assembly
- Finished resetting the current domain, in  0.842 seconds
Domain Reload Profiling: 1673ms
	BeginReloadAssembly (292ms)
		ExecutionOrderSort (0ms)
		DisableScriptedObjects (6ms)
		BackupInstance (0ms)
		ReleaseScriptingObjects (0ms)
		CreateAndSetChildDomain (82ms)
	RebuildCommonClasses (60ms)
	RebuildNativeTypeToScriptingClass (19ms)
	initialDomainReloadingComplete (43ms)
	LoadAllAssembliesAndSetupDomain (416ms)
		LoadAssemblies (390ms)
		RebuildTransferFunctionScriptingTraits (0ms)
		AnalyzeDomain (189ms)
			TypeCache.Refresh (10ms)
				TypeCache.ScanAssembly (0ms)
			BuildScriptInfoCaches (168ms)
			ResolveRequiredComponents (5ms)
	FinalizeReload (843ms)
		ReleaseScriptCaches (0ms)
		RebuildScriptCaches (0ms)
		SetupLoadedEditorAssemblies (672ms)
			LogAssemblyErrors (0ms)
			InitializePlatformSupportModulesInManaged (6ms)
			SetLoadedEditorAssemblies (12ms)
			BeforeProcessingInitializeOnLoad (128ms)
			ProcessInitializeOnLoadAttributes (476ms)
			ProcessInitializeOnLoadMethodAttributes (43ms)
			AfterProcessingInitializeOnLoad (6ms)
			EditorAssembliesLoaded (0ms)
		ExecutionOrderSort2 (0ms)
		AwakeInstancesAfterBackupRestoration (8ms)
Refreshing native plugins compatible for Editor in 1.35 ms, found 3 plugins.
Preloading 0 native plugins for Editor in 0.00 ms.
Unloading 0 Unused Serialized files (Serialized files now loaded: 0)
Unloading 3707 unused Assets / (1.0 MB). Loaded Objects now: 4206.
Memory consumption went from 91.2 MB to 90.2 MB.
Total: 14.317000 ms (FindLiveObjects: 1.884200 ms CreateObjectMapping: 2.570000 ms MarkObjects: 8.252100 ms  DeleteObjects: 1.608800 ms)

Prepare: number of updated asset objects reloaded= 0
========================================================================
Received Prepare
Begin MonoManager ReloadAssembly
- Loaded All Assemblies, in  1.011 seconds
Refreshing native plugins compatible for Editor in 1.36 ms, found 3 plugins.
Native extension for WindowsStandalone target not found
Native extension for WebGL target not found
Mono: successfully reloaded assembly
- Finished resetting the current domain, in  0.825 seconds
Domain Reload Profiling: 1837ms
	BeginReloadAssembly (298ms)
		ExecutionOrderSort (0ms)
		DisableScriptedObjects (11ms)
		BackupInstance (0ms)
		ReleaseScriptingObjects (0ms)
		CreateAndSetChildDomain (61ms)
	RebuildCommonClasses (55ms)
	RebuildNativeTypeToScriptingClass (19ms)
	initialDomainReloadingComplete (43ms)
	LoadAllAssembliesAndSetupDomain (597ms)
		LoadAssemblies (470ms)
		RebuildTransferFunctionScriptingTraits (0ms)
		AnalyzeDomain (296ms)
			TypeCache.Refresh (15ms)
				TypeCache.ScanAssembly (0ms)
			BuildScriptInfoCaches (262ms)
			ResolveRequiredComponents (11ms)
	FinalizeReload (825ms)
		ReleaseScriptCaches (0ms)
		RebuildScriptCaches (0ms)
		SetupLoadedEditorAssemblies (614ms)
			LogAssemblyErrors (0ms)
			InitializePlatformSupportModulesInManaged (4ms)
			SetLoadedEditorAssemblies (9ms)
			BeforeProcessingInitializeOnLoad (117ms)
			ProcessInitializeOnLoadAttributes (451ms)
			ProcessInitializeOnLoadMethodAttributes (28ms)
			AfterProcessingInitializeOnLoad (4ms)
			EditorAssembliesLoaded (0ms)
		ExecutionOrderSort2 (0ms)
		AwakeInstancesAfterBackupRestoration (6ms)
Refreshing native plugins compatible for Editor in 1.59 ms, found 3 plugins.
Preloading 0 native plugins for Editor in 0.00 ms.
Unloading 0 Unused Serialized files (Serialized files now loaded: 0)
Unloading 3707 unused Assets / (0.9 MB). Loaded Objects now: 4206.
Memory consumption went from 91.2 MB to 90.3 MB.
Total: 9.576900 ms (FindLiveObjects: 0.732000 ms CreateObjectMapping: 0.377400 ms MarkObjects: 7.057400 ms  DeleteObjects: 1.408800 ms)

Prepare: number of updated asset objects reloaded= 0
========================================================================
Received Prepare
Begin MonoManager ReloadAssembly
- Loaded All Assemblies, in  0.707 seconds
Refreshing native plugins compatible for Editor in 1.07 ms, found 3 plugins.
Native extension for WindowsStandalone target not found
Native extension for WebGL target not found
Mono: successfully reloaded assembly
- Finished resetting the current domain, in  0.860 seconds
Domain Reload Profiling: 1568ms
	BeginReloadAssembly (228ms)
		ExecutionOrderSort (0ms)
		DisableScriptedObjects (6ms)
		BackupInstance (0ms)
		ReleaseScriptingObjects (0ms)
		CreateAndSetChildDomain (46ms)
	RebuildCommonClasses (35ms)
	RebuildNativeTypeToScriptingClass (12ms)
	initialDomainReloadingComplete (30ms)
	LoadAllAssembliesAndSetupDomain (401ms)
		LoadAssemblies (353ms)
		RebuildTransferFunctionScriptingTraits (0ms)
		AnalyzeDomain (182ms)
			TypeCache.Refresh (6ms)
				TypeCache.ScanAssembly (0ms)
			BuildScriptInfoCaches (163ms)
			ResolveRequiredComponents (8ms)
	FinalizeReload (861ms)
		ReleaseScriptCaches (0ms)
		RebuildScriptCaches (0ms)
		SetupLoadedEditorAssemblies (669ms)
			LogAssemblyErrors (0ms)
			InitializePlatformSupportModulesInManaged (5ms)
			SetLoadedEditorAssemblies (8ms)
			BeforeProcessingInitializeOnLoad (127ms)
			ProcessInitializeOnLoadAttributes (476ms)
			ProcessInitializeOnLoadMethodAttributes (44ms)
			AfterProcessingInitializeOnLoad (9ms)
			EditorAssembliesLoaded (0ms)
		ExecutionOrderSort2 (0ms)
		AwakeInstancesAfterBackupRestoration (10ms)
Refreshing native plugins compatible for Editor in 8.74 ms, found 3 plugins.
Preloading 0 native plugins for Editor in 0.00 ms.
Unloading 0 Unused Serialized files (Serialized files now loaded: 0)
Unloading 3707 unused Assets / (0.9 MB). Loaded Objects now: 4206.
Memory consumption went from 91.2 MB to 90.3 MB.
Total: 37.879200 ms (FindLiveObjects: 3.278100 ms CreateObjectMapping: 0.616900 ms MarkObjects: 31.423900 ms  DeleteObjects: 2.557900 ms)

Prepare: number of updated asset objects reloaded= 0
========================================================================
Received Prepare
Begin MonoManager ReloadAssembly
- Loaded All Assemblies, in  0.689 seconds
Refreshing native plugins compatible for Editor in 1.42 ms, found 3 plugins.
Native extension for WindowsStandalone target not found
Native extension for WebGL target not found
Mono: successfully reloaded assembly
- Finished resetting the current domain, in  0.760 seconds
Domain Reload Profiling: 1450ms
	BeginReloadAssembly (228ms)
		ExecutionOrderSort (0ms)
		DisableScriptedObjects (6ms)
		BackupInstance (0ms)
		ReleaseScriptingObjects (0ms)
		CreateAndSetChildDomain (48ms)
	RebuildCommonClasses (41ms)
	RebuildNativeTypeToScriptingClass (12ms)
	initialDomainReloadingComplete (32ms)
	LoadAllAssembliesAndSetupDomain (376ms)
		LoadAssemblies (343ms)
		RebuildTransferFunctionScriptingTraits (0ms)
		AnalyzeDomain (162ms)
			TypeCache.Refresh (7ms)
				TypeCache.ScanAssembly (0ms)
			BuildScriptInfoCaches (146ms)
			ResolveRequiredComponents (5ms)
	FinalizeReload (761ms)
		ReleaseScriptCaches (0ms)
		RebuildScriptCaches (0ms)
		SetupLoadedEditorAssemblies (617ms)
			LogAssemblyErrors (0ms)
			InitializePlatformSupportModulesInManaged (3ms)
			SetLoadedEditorAssemblies (4ms)
			BeforeProcessingInitializeOnLoad (103ms)
			ProcessInitializeOnLoadAttributes (464ms)
			ProcessInitializeOnLoadMethodAttributes (37ms)
			AfterProcessingInitializeOnLoad (5ms)
			EditorAssembliesLoaded (0ms)
		ExecutionOrderSort2 (0ms)
		AwakeInstancesAfterBackupRestoration (9ms)
Refreshing native plugins compatible for Editor in 1.53 ms, found 3 plugins.
Preloading 0 native plugins for Editor in 0.00 ms.
Unloading 0 Unused Serialized files (Serialized files now loaded: 0)
Unloading 3707 unused Assets / (1.4 MB). Loaded Objects now: 4206.
Memory consumption went from 91.2 MB to 89.8 MB.
Total: 37.346800 ms (FindLiveObjects: 19.649500 ms CreateObjectMapping: 1.277600 ms MarkObjects: 13.473200 ms  DeleteObjects: 2.943600 ms)

Prepare: number of updated asset objects reloaded= 0
========================================================================
Received Prepare
Begin MonoManager ReloadAssembly
- Loaded All Assemblies, in  0.679 seconds
Refreshing native plugins compatible for Editor in 2.08 ms, found 3 plugins.
Native extension for WindowsStandalone target not found
Native extension for WebGL target not found
Mono: successfully reloaded assembly
- Finished resetting the current domain, in  0.815 seconds
Domain Reload Profiling: 1494ms
	BeginReloadAssembly (231ms)
		ExecutionOrderSort (0ms)
		DisableScriptedObjects (7ms)
		BackupInstance (0ms)
		ReleaseScriptingObjects (0ms)
		CreateAndSetChildDomain (44ms)
	RebuildCommonClasses (46ms)
	RebuildNativeTypeToScriptingClass (13ms)
	initialDomainReloadingComplete (30ms)
	LoadAllAssembliesAndSetupDomain (359ms)
		LoadAssemblies (348ms)
		RebuildTransferFunctionScriptingTraits (0ms)
		AnalyzeDomain (143ms)
			TypeCache.Refresh (5ms)
				TypeCache.ScanAssembly (0ms)
			BuildScriptInfoCaches (130ms)
			ResolveRequiredComponents (5ms)
	FinalizeReload (815ms)
		ReleaseScriptCaches (0ms)
		RebuildScriptCaches (0ms)
		SetupLoadedEditorAssemblies (658ms)
			LogAssemblyErrors (0ms)
			InitializePlatformSupportModulesInManaged (3ms)
			SetLoadedEditorAssemblies (4ms)
			BeforeProcessingInitializeOnLoad (111ms)
			ProcessInitializeOnLoadAttributes (493ms)
			ProcessInitializeOnLoadMethodAttributes (41ms)
			AfterProcessingInitializeOnLoad (6ms)
			EditorAssembliesLoaded (0ms)
		ExecutionOrderSort2 (0ms)
		AwakeInstancesAfterBackupRestoration (11ms)
Refreshing native plugins compatible for Editor in 1.37 ms, found 3 plugins.
Preloading 0 native plugins for Editor in 0.00 ms.
Unloading 0 Unused Serialized files (Serialized files now loaded: 0)
Unloading 3707 unused Assets / (1.2 MB). Loaded Objects now: 4206.
Memory consumption went from 91.2 MB to 90.0 MB.
Total: 31.968400 ms (FindLiveObjects: 1.781200 ms CreateObjectMapping: 1.216000 ms MarkObjects: 23.051000 ms  DeleteObjects: 5.916800 ms)

Prepare: number of updated asset objects reloaded= 0
========================================================================
Received Prepare
Begin MonoManager ReloadAssembly
- Loaded All Assemblies, in  0.663 seconds
Refreshing native plugins compatible for Editor in 0.99 ms, found 3 plugins.
Native extension for WindowsStandalone target not found
Native extension for WebGL target not found
Mono: successfully reloaded assembly
- Finished resetting the current domain, in  0.807 seconds
Domain Reload Profiling: 1470ms
	BeginReloadAssembly (207ms)
		ExecutionOrderSort (0ms)
		DisableScriptedObjects (5ms)
		BackupInstance (0ms)
		ReleaseScriptingObjects (0ms)
		CreateAndSetChildDomain (45ms)
	RebuildCommonClasses (42ms)
	RebuildNativeTypeToScriptingClass (14ms)
	initialDomainReloadingComplete (32ms)
	LoadAllAssembliesAndSetupDomain (368ms)
		LoadAssemblies (322ms)
		RebuildTransferFunctionScriptingTraits (0ms)
		AnalyzeDomain (164ms)
			TypeCache.Refresh (5ms)
				TypeCache.ScanAssembly (0ms)
			BuildScriptInfoCaches (147ms)
			ResolveRequiredComponents (6ms)
	FinalizeReload (807ms)
		ReleaseScriptCaches (0ms)
		RebuildScriptCaches (0ms)
		SetupLoadedEditorAssemblies (660ms)
			LogAssemblyErrors (0ms)
			InitializePlatformSupportModulesInManaged (5ms)
			SetLoadedEditorAssemblies (9ms)
			BeforeProcessingInitializeOnLoad (136ms)
			ProcessInitializeOnLoadAttributes (460ms)
			ProcessInitializeOnLoadMethodAttributes (42ms)
			AfterProcessingInitializeOnLoad (8ms)
			EditorAssembliesLoaded (1ms)
		ExecutionOrderSort2 (0ms)
		AwakeInstancesAfterBackupRestoration (10ms)
Refreshing native plugins compatible for Editor in 3.76 ms, found 3 plugins.
Preloading 0 native plugins for Editor in 0.00 ms.
Unloading 0 Unused Serialized files (Serialized files now loaded: 0)
Unloading 3707 unused Assets / (1.7 MB). Loaded Objects now: 4206.
Memory consumption went from 91.2 MB to 89.5 MB.
Total: 35.669700 ms (FindLiveObjects: 2.928900 ms CreateObjectMapping: 1.981400 ms MarkObjects: 25.827800 ms  DeleteObjects: 4.927500 ms)

Prepare: number of updated asset objects reloaded= 0
========================================================================
Received Prepare
Refreshing native plugins compatible for Editor in 1.45 ms, found 3 plugins.
Preloading 0 native plugins for Editor in 0.00 ms.
Unloading 0 Unused Serialized files (Serialized files now loaded: 0)
Unloading 3701 unused Assets / (0.8 MB). Loaded Objects now: 4207.
Memory consumption went from 91.4 MB to 90.6 MB.
Total: 9.720500 ms (FindLiveObjects: 0.800600 ms CreateObjectMapping: 0.336200 ms MarkObjects: 7.405000 ms  DeleteObjects: 1.177300 ms)

Prepare: number of updated asset objects reloaded= 0
========================================================================
Received Prepare
Begin MonoManager ReloadAssembly
- Loaded All Assemblies, in  0.744 seconds
Refreshing native plugins compatible for Editor in 1.23 ms, found 3 plugins.
Native extension for WindowsStandalone target not found
Native extension for WebGL target not found
Mono: successfully reloaded assembly
- Finished resetting the current domain, in  0.757 seconds
Domain Reload Profiling: 1501ms
	BeginReloadAssembly (217ms)
		ExecutionOrderSort (0ms)
		DisableScriptedObjects (6ms)
		BackupInstance (0ms)
		ReleaseScriptingObjects (0ms)
		CreateAndSetChildDomain (60ms)
	RebuildCommonClasses (37ms)
	RebuildNativeTypeToScriptingClass (15ms)
	initialDomainReloadingComplete (33ms)
	LoadAllAssembliesAndSetupDomain (442ms)
		LoadAssemblies (335ms)
		RebuildTransferFunctionScriptingTraits (0ms)
		AnalyzeDomain (219ms)
			TypeCache.Refresh (12ms)
				TypeCache.ScanAssembly (1ms)
			BuildScriptInfoCaches (196ms)
			ResolveRequiredComponents (6ms)
	FinalizeReload (758ms)
		ReleaseScriptCaches (0ms)
		RebuildScriptCaches (0ms)
		SetupLoadedEditorAssemblies (606ms)
			LogAssemblyErrors (0ms)
			InitializePlatformSupportModulesInManaged (3ms)
			SetLoadedEditorAssemblies (4ms)
			BeforeProcessingInitializeOnLoad (111ms)
			ProcessInitializeOnLoadAttributes (434ms)
			ProcessInitializeOnLoadMethodAttributes (47ms)
			AfterProcessingInitializeOnLoad (6ms)
			EditorAssembliesLoaded (1ms)
		ExecutionOrderSort2 (0ms)
		AwakeInstancesAfterBackupRestoration (10ms)
Refreshing native plugins compatible for Editor in 2.47 ms, found 3 plugins.
Preloading 0 native plugins for Editor in 0.00 ms.
Unloading 0 Unused Serialized files (Serialized files now loaded: 0)
Unloading 3708 unused Assets / (1.0 MB). Loaded Objects now: 4207.
Memory consumption went from 91.2 MB to 90.1 MB.
Total: 26.609700 ms (FindLiveObjects: 3.972200 ms CreateObjectMapping: 2.082100 ms MarkObjects: 16.934000 ms  DeleteObjects: 3.618700 ms)

Prepare: number of updated asset objects reloaded= 0
========================================================================
Received Import Request.
  Time since last request: 687.342696 seconds.
  path: Assets/StylizedHandPaintedDungeon(Free)/Prefabs/Room.prefab
  artifactKey: Guid(121056d33be0a5547ad1cf35ffe03785) Importer(815301076,1909f56bfc062723c751e8b465ee728b)
Start importing Assets/StylizedHandPaintedDungeon(Free)/Prefabs/Room.prefab using Guid(121056d33be0a5547ad1cf35ffe03785) Importer(815301076,1909f56bfc062723c751e8b465ee728b) (PreviewImporter) -> (artifact id: '4536b67ef781af5315723cbc6e2ec455') in 0.2176386 seconds
Number of updated asset objects reloaded before import = 0Number of asset objects unloaded after import = 292

========================================================================
Received Prepare
Refreshing native plugins compatible for Editor in 1.53 ms, found 3 plugins.
Preloading 0 native plugins for Editor in 0.00 ms.
Unloading 0 Unused Serialized files (Serialized files now loaded: 0)
Unloading 3701 unused Assets / (2.5 MB). Loaded Objects now: 4208.
Memory consumption went from 91.5 MB to 88.9 MB.
Total: 28.534100 ms (FindLiveObjects: 1.415100 ms CreateObjectMapping: 1.319700 ms MarkObjects: 19.144500 ms  DeleteObjects: 6.652900 ms)

Prepare: number of updated asset objects reloaded= 0
========================================================================
Received Prepare
Begin MonoManager ReloadAssembly
- Loaded All Assemblies, in  0.818 seconds
Refreshing native plugins compatible for Editor in 0.87 ms, found 3 plugins.
Native extension for WindowsStandalone target not found
Native extension for WebGL target not found
Mono: successfully reloaded assembly
- Finished resetting the current domain, in  0.679 seconds
Domain Reload Profiling: 1498ms
	BeginReloadAssembly (253ms)
		ExecutionOrderSort (0ms)
		DisableScriptedObjects (6ms)
		BackupInstance (0ms)
		ReleaseScriptingObjects (0ms)
		CreateAndSetChildDomain (65ms)
	RebuildCommonClasses (35ms)
	RebuildNativeTypeToScriptingClass (14ms)
	initialDomainReloadingComplete (40ms)
	LoadAllAssembliesAndSetupDomain (476ms)
		LoadAssemblies (437ms)
		RebuildTransferFunctionScriptingTraits (0ms)
		AnalyzeDomain (180ms)
			TypeCache.Refresh (9ms)
				TypeCache.ScanAssembly (0ms)
			BuildScriptInfoCaches (158ms)
			ResolveRequiredComponents (8ms)
	FinalizeReload (680ms)
		ReleaseScriptCaches (0ms)
		RebuildScriptCaches (0ms)
		SetupLoadedEditorAssemblies (512ms)
			LogAssemblyErrors (0ms)
			InitializePlatformSupportModulesInManaged (3ms)
			SetLoadedEditorAssemblies (5ms)
			BeforeProcessingInitializeOnLoad (135ms)
			ProcessInitializeOnLoadAttributes (329ms)
			ProcessInitializeOnLoadMethodAttributes (32ms)
			AfterProcessingInitializeOnLoad (7ms)
			EditorAssembliesLoaded (0ms)
		ExecutionOrderSort2 (0ms)
		AwakeInstancesAfterBackupRestoration (8ms)
Refreshing native plugins compatible for Editor in 2.57 ms, found 3 plugins.
Preloading 0 native plugins for Editor in 0.00 ms.
Unloading 0 Unused Serialized files (Serialized files now loaded: 0)
Unloading 3708 unused Assets / (1.0 MB). Loaded Objects now: 4207.
Memory consumption went from 91.2 MB to 90.2 MB.
Total: 9.771300 ms (FindLiveObjects: 0.701500 ms CreateObjectMapping: 0.569100 ms MarkObjects: 7.040700 ms  DeleteObjects: 1.458200 ms)

Prepare: number of updated asset objects reloaded= 0
========================================================================
Received Prepare
Begin MonoManager ReloadAssembly
- Loaded All Assemblies, in  0.703 seconds
Refreshing native plugins compatible for Editor in 1.52 ms, found 3 plugins.
Native extension for WindowsStandalone target not found
Native extension for WebGL target not found
Mono: successfully reloaded assembly
- Finished resetting the current domain, in  0.688 seconds
Domain Reload Profiling: 1395ms
	BeginReloadAssembly (256ms)
		ExecutionOrderSort (0ms)
		DisableScriptedObjects (8ms)
		BackupInstance (0ms)
		ReleaseScriptingObjects (0ms)
		CreateAndSetChildDomain (79ms)
	RebuildCommonClasses (44ms)
	RebuildNativeTypeToScriptingClass (19ms)
	initialDomainReloadingComplete (27ms)
	LoadAllAssembliesAndSetupDomain (360ms)
		LoadAssemblies (332ms)
		RebuildTransferFunctionScriptingTraits (0ms)
		AnalyzeDomain (150ms)
			TypeCache.Refresh (5ms)
				TypeCache.ScanAssembly (0ms)
			BuildScriptInfoCaches (135ms)
			ResolveRequiredComponents (4ms)
	FinalizeReload (688ms)
		ReleaseScriptCaches (0ms)
		RebuildScriptCaches (0ms)
		SetupLoadedEditorAssemblies (533ms)
			LogAssemblyErrors (0ms)
			InitializePlatformSupportModulesInManaged (3ms)
			SetLoadedEditorAssemblies (5ms)
			BeforeProcessingInitializeOnLoad (126ms)
			ProcessInitializeOnLoadAttributes (361ms)
			ProcessInitializeOnLoadMethodAttributes (33ms)
			AfterProcessingInitializeOnLoad (6ms)
			EditorAssembliesLoaded (0ms)
		ExecutionOrderSort2 (0ms)
		AwakeInstancesAfterBackupRestoration (8ms)
Refreshing native plugins compatible for Editor in 3.37 ms, found 3 plugins.
Preloading 0 native plugins for Editor in 0.00 ms.
Unloading 0 Unused Serialized files (Serialized files now loaded: 0)
Unloading 3708 unused Assets / (1.3 MB). Loaded Objects now: 4207.
Memory consumption went from 91.2 MB to 89.9 MB.
Total: 28.700800 ms (FindLiveObjects: 2.164400 ms CreateObjectMapping: 1.612900 ms MarkObjects: 22.409900 ms  DeleteObjects: 2.511200 ms)

Prepare: number of updated asset objects reloaded= 0
========================================================================
Received Prepare
Refreshing native plugins compatible for Editor in 2.84 ms, found 3 plugins.
Preloading 0 native plugins for Editor in 0.00 ms.
Unloading 0 Unused Serialized files (Serialized files now loaded: 0)
Unloading 3701 unused Assets / (0.7 MB). Loaded Objects now: 4207.
Memory consumption went from 91.4 MB to 90.7 MB.
Total: 14.671800 ms (FindLiveObjects: 1.897100 ms CreateObjectMapping: 0.565400 ms MarkObjects: 11.002300 ms  DeleteObjects: 1.204600 ms)

Prepare: number of updated asset objects reloaded= 0
========================================================================
Received Prepare
Begin MonoManager ReloadAssembly
- Loaded All Assemblies, in  0.978 seconds
Refreshing native plugins compatible for Editor in 1.47 ms, found 3 plugins.
Native extension for WindowsStandalone target not found
Native extension for WebGL target not found
Mono: successfully reloaded assembly
- Finished resetting the current domain, in  0.612 seconds
Domain Reload Profiling: 1593ms
	BeginReloadAssembly (278ms)
		ExecutionOrderSort (0ms)
		DisableScriptedObjects (7ms)
		BackupInstance (0ms)
		ReleaseScriptingObjects (0ms)
		CreateAndSetChildDomain (62ms)
	RebuildCommonClasses (63ms)
	RebuildNativeTypeToScriptingClass (25ms)
	initialDomainReloadingComplete (53ms)
	LoadAllAssembliesAndSetupDomain (563ms)
		LoadAssemblies (471ms)
		RebuildTransferFunctionScriptingTraits (0ms)
		AnalyzeDomain (242ms)
			TypeCache.Refresh (11ms)
				TypeCache.ScanAssembly (0ms)
			BuildScriptInfoCaches (211ms)
			ResolveRequiredComponents (10ms)
	FinalizeReload (612ms)
		ReleaseScriptCaches (0ms)
		RebuildScriptCaches (0ms)
		SetupLoadedEditorAssemblies (486ms)
			LogAssemblyErrors (0ms)
			InitializePlatformSupportModulesInManaged (4ms)
			SetLoadedEditorAssemblies (5ms)
			BeforeProcessingInitializeOnLoad (95ms)
			ProcessInitializeOnLoadAttributes (351ms)
			ProcessInitializeOnLoadMethodAttributes (26ms)
			AfterProcessingInitializeOnLoad (5ms)
			EditorAssembliesLoaded (0ms)
		ExecutionOrderSort2 (0ms)
		AwakeInstancesAfterBackupRestoration (6ms)
Refreshing native plugins compatible for Editor in 1.67 ms, found 3 plugins.
Preloading 0 native plugins for Editor in 0.00 ms.
Unloading 0 Unused Serialized files (Serialized files now loaded: 0)
Unloading 3708 unused Assets / (1.1 MB). Loaded Objects now: 4207.
Memory consumption went from 91.2 MB to 90.1 MB.
Total: 15.761900 ms (FindLiveObjects: 0.848300 ms CreateObjectMapping: 0.643500 ms MarkObjects: 11.955800 ms  DeleteObjects: 2.311900 ms)

Prepare: number of updated asset objects reloaded= 0
========================================================================
Received Prepare
Begin MonoManager ReloadAssembly
- Loaded All Assemblies, in  0.717 seconds
Refreshing native plugins compatible for Editor in 0.97 ms, found 3 plugins.
Native extension for WindowsStandalone target not found
Native extension for WebGL target not found
Mono: successfully reloaded assembly
- Finished resetting the current domain, in  0.635 seconds
Domain Reload Profiling: 1353ms
	BeginReloadAssembly (244ms)
		ExecutionOrderSort (0ms)
		DisableScriptedObjects (9ms)
		BackupInstance (0ms)
		ReleaseScriptingObjects (0ms)
		CreateAndSetChildDomain (48ms)
	RebuildCommonClasses (47ms)
	RebuildNativeTypeToScriptingClass (15ms)
	initialDomainReloadingComplete (29ms)
	LoadAllAssembliesAndSetupDomain (382ms)
		LoadAssemblies (356ms)
		RebuildTransferFunctionScriptingTraits (0ms)
		AnalyzeDomain (175ms)
			TypeCache.Refresh (7ms)
				TypeCache.ScanAssembly (0ms)
			BuildScriptInfoCaches (159ms)
			ResolveRequiredComponents (4ms)
	FinalizeReload (635ms)
		ReleaseScriptCaches (0ms)
		RebuildScriptCaches (0ms)
		SetupLoadedEditorAssemblies (507ms)
			LogAssemblyErrors (0ms)
			InitializePlatformSupportModulesInManaged (3ms)
			SetLoadedEditorAssemblies (5ms)
			BeforeProcessingInitializeOnLoad (106ms)
			ProcessInitializeOnLoadAttributes (356ms)
			ProcessInitializeOnLoadMethodAttributes (31ms)
			AfterProcessingInitializeOnLoad (6ms)
			EditorAssembliesLoaded (0ms)
		ExecutionOrderSort2 (0ms)
		AwakeInstancesAfterBackupRestoration (8ms)
Refreshing native plugins compatible for Editor in 1.25 ms, found 3 plugins.
Preloading 0 native plugins for Editor in 0.00 ms.
Unloading 0 Unused Serialized files (Serialized files now loaded: 0)
Unloading 3708 unused Assets / (1.0 MB). Loaded Objects now: 4207.
Memory consumption went from 91.2 MB to 90.2 MB.
Total: 9.686300 ms (FindLiveObjects: 0.714300 ms CreateObjectMapping: 0.613400 ms MarkObjects: 6.876400 ms  DeleteObjects: 1.480900 ms)

Prepare: number of updated asset objects reloaded= 0
========================================================================
Received Prepare
Begin MonoManager ReloadAssembly
- Loaded All Assemblies, in  0.731 seconds
Refreshing native plugins compatible for Editor in 0.96 ms, found 3 plugins.
Native extension for WindowsStandalone target not found
Native extension for WebGL target not found
Mono: successfully reloaded assembly
- Finished resetting the current domain, in  0.650 seconds
Domain Reload Profiling: 1380ms
	BeginReloadAssembly (215ms)
		ExecutionOrderSort (0ms)
		DisableScriptedObjects (6ms)
		BackupInstance (0ms)
		ReleaseScriptingObjects (0ms)
		CreateAndSetChildDomain (51ms)
	RebuildCommonClasses (48ms)
	RebuildNativeTypeToScriptingClass (16ms)
	initialDomainReloadingComplete (41ms)
	LoadAllAssembliesAndSetupDomain (411ms)
		LoadAssemblies (345ms)
		RebuildTransferFunctionScriptingTraits (0ms)
		AnalyzeDomain (180ms)
			TypeCache.Refresh (10ms)
				TypeCache.ScanAssembly (0ms)
			BuildScriptInfoCaches (158ms)
			ResolveRequiredComponents (6ms)
	FinalizeReload (650ms)
		ReleaseScriptCaches (0ms)
		RebuildScriptCaches (0ms)
		SetupLoadedEditorAssemblies (506ms)
			LogAssemblyErrors (0ms)
			InitializePlatformSupportModulesInManaged (4ms)
			SetLoadedEditorAssemblies (7ms)
			BeforeProcessingInitializeOnLoad (108ms)
			ProcessInitializeOnLoadAttributes (355ms)
			ProcessInitializeOnLoadMethodAttributes (25ms)
			AfterProcessingInitializeOnLoad (7ms)
			EditorAssembliesLoaded (0ms)
		ExecutionOrderSort2 (0ms)
		AwakeInstancesAfterBackupRestoration (8ms)
Refreshing native plugins compatible for Editor in 1.65 ms, found 3 plugins.
Preloading 0 native plugins for Editor in 0.00 ms.
Unloading 0 Unused Serialized files (Serialized files now loaded: 0)
Unloading 3708 unused Assets / (1.0 MB). Loaded Objects now: 4207.
Memory consumption went from 91.2 MB to 90.2 MB.
Total: 17.948900 ms (FindLiveObjects: 1.134600 ms CreateObjectMapping: 0.320700 ms MarkObjects: 12.946600 ms  DeleteObjects: 3.544300 ms)

Prepare: number of updated asset objects reloaded= 0
========================================================================
Received Prepare
Begin MonoManager ReloadAssembly
- Loaded All Assemblies, in  0.662 seconds
Refreshing native plugins compatible for Editor in 1.37 ms, found 3 plugins.
Native extension for WindowsStandalone target not found
Native extension for WebGL target not found
Mono: successfully reloaded assembly
- Finished resetting the current domain, in  0.669 seconds
Domain Reload Profiling: 1331ms
	BeginReloadAssembly (225ms)
		ExecutionOrderSort (0ms)
		DisableScriptedObjects (9ms)
		BackupInstance (0ms)
		ReleaseScriptingObjects (0ms)
		CreateAndSetChildDomain (47ms)
	RebuildCommonClasses (33ms)
	RebuildNativeTypeToScriptingClass (14ms)
	initialDomainReloadingComplete (32ms)
	LoadAllAssembliesAndSetupDomain (358ms)
		LoadAssemblies (323ms)
		RebuildTransferFunctionScriptingTraits (0ms)
		AnalyzeDomain (159ms)
			TypeCache.Refresh (5ms)
				TypeCache.ScanAssembly (0ms)
			BuildScriptInfoCaches (145ms)
			ResolveRequiredComponents (5ms)
	FinalizeReload (670ms)
		ReleaseScriptCaches (0ms)
		RebuildScriptCaches (0ms)
		SetupLoadedEditorAssemblies (538ms)
			LogAssemblyErrors (0ms)
			InitializePlatformSupportModulesInManaged (3ms)
			SetLoadedEditorAssemblies (4ms)
			BeforeProcessingInitializeOnLoad (101ms)
			ProcessInitializeOnLoadAttributes (393ms)
			ProcessInitializeOnLoadMethodAttributes (32ms)
			AfterProcessingInitializeOnLoad (5ms)
			EditorAssembliesLoaded (0ms)
		ExecutionOrderSort2 (0ms)
		AwakeInstancesAfterBackupRestoration (6ms)
Refreshing native plugins compatible for Editor in 1.57 ms, found 3 plugins.
Preloading 0 native plugins for Editor in 0.00 ms.
Unloading 0 Unused Serialized files (Serialized files now loaded: 0)
Unloading 3708 unused Assets / (3.2 MB). Loaded Objects now: 4207.
Memory consumption went from 91.2 MB to 88.1 MB.
Total: 46.465600 ms (FindLiveObjects: 0.992400 ms CreateObjectMapping: 0.653200 ms MarkObjects: 18.963600 ms  DeleteObjects: 25.854000 ms)

Prepare: number of updated asset objects reloaded= 0
========================================================================
Received Prepare
Begin MonoManager ReloadAssembly
- Loaded All Assemblies, in  0.688 seconds
Refreshing native plugins compatible for Editor in 1.22 ms, found 3 plugins.
Native extension for WindowsStandalone target not found
Native extension for WebGL target not found
Mono: successfully reloaded assembly
- Finished resetting the current domain, in  0.640 seconds
Domain Reload Profiling: 1328ms
	BeginReloadAssembly (216ms)
		ExecutionOrderSort (0ms)
		DisableScriptedObjects (7ms)
		BackupInstance (0ms)
		ReleaseScriptingObjects (0ms)
		CreateAndSetChildDomain (54ms)
	RebuildCommonClasses (37ms)
	RebuildNativeTypeToScriptingClass (20ms)
	initialDomainReloadingComplete (36ms)
	LoadAllAssembliesAndSetupDomain (379ms)
		LoadAssemblies (319ms)
		RebuildTransferFunctionScriptingTraits (0ms)
		AnalyzeDomain (171ms)
			TypeCache.Refresh (6ms)
				TypeCache.ScanAssembly (0ms)
			BuildScriptInfoCaches (156ms)
			ResolveRequiredComponents (5ms)
	FinalizeReload (640ms)
		ReleaseScriptCaches (0ms)
		RebuildScriptCaches (0ms)
		SetupLoadedEditorAssemblies (506ms)
			LogAssemblyErrors (0ms)
			InitializePlatformSupportModulesInManaged (3ms)
			SetLoadedEditorAssemblies (5ms)
			BeforeProcessingInitializeOnLoad (93ms)
			ProcessInitializeOnLoadAttributes (356ms)
			ProcessInitializeOnLoadMethodAttributes (42ms)
			AfterProcessingInitializeOnLoad (6ms)
			EditorAssembliesLoaded (0ms)
		ExecutionOrderSort2 (0ms)
		AwakeInstancesAfterBackupRestoration (7ms)
Refreshing native plugins compatible for Editor in 1.51 ms, found 3 plugins.
Preloading 0 native plugins for Editor in 0.00 ms.
Unloading 0 Unused Serialized files (Serialized files now loaded: 0)
Unloading 3708 unused Assets / (1.3 MB). Loaded Objects now: 4207.
Memory consumption went from 91.2 MB to 90.0 MB.
Total: 22.506700 ms (FindLiveObjects: 0.966500 ms CreateObjectMapping: 0.700200 ms MarkObjects: 13.890500 ms  DeleteObjects: 6.946700 ms)

Prepare: number of updated asset objects reloaded= 0
========================================================================
Received Prepare
Begin MonoManager ReloadAssembly
- Loaded All Assemblies, in  0.709 seconds
Refreshing native plugins compatible for Editor in 0.91 ms, found 3 plugins.
Native extension for WindowsStandalone target not found
Native extension for WebGL target not found
Mono: successfully reloaded assembly
- Finished resetting the current domain, in  0.722 seconds
Domain Reload Profiling: 1429ms
	BeginReloadAssembly (229ms)
		ExecutionOrderSort (0ms)
		DisableScriptedObjects (9ms)
		BackupInstance (0ms)
		ReleaseScriptingObjects (0ms)
		CreateAndSetChildDomain (50ms)
	RebuildCommonClasses (43ms)
	RebuildNativeTypeToScriptingClass (17ms)
	initialDomainReloadingComplete (34ms)
	LoadAllAssembliesAndSetupDomain (384ms)
		LoadAssemblies (333ms)
		RebuildTransferFunctionScriptingTraits (0ms)
		AnalyzeDomain (177ms)
			TypeCache.Refresh (9ms)
				TypeCache.ScanAssembly (0ms)
			BuildScriptInfoCaches (158ms)
			ResolveRequiredComponents (5ms)
	FinalizeReload (722ms)
		ReleaseScriptCaches (0ms)
		RebuildScriptCaches (0ms)
		SetupLoadedEditorAssemblies (574ms)
			LogAssemblyErrors (0ms)
			InitializePlatformSupportModulesInManaged (4ms)
			SetLoadedEditorAssemblies (4ms)
			BeforeProcessingInitializeOnLoad (131ms)
			ProcessInitializeOnLoadAttributes (397ms)
			ProcessInitializeOnLoadMethodAttributes (32ms)
			AfterProcessingInitializeOnLoad (6ms)
			EditorAssembliesLoaded (0ms)
		ExecutionOrderSort2 (0ms)
		AwakeInstancesAfterBackupRestoration (8ms)
Refreshing native plugins compatible for Editor in 1.82 ms, found 3 plugins.
Preloading 0 native plugins for Editor in 0.00 ms.
Unloading 0 Unused Serialized files (Serialized files now loaded: 0)
Unloading 3708 unused Assets / (1.5 MB). Loaded Objects now: 4207.
Memory consumption went from 91.2 MB to 89.7 MB.
Total: 22.397500 ms (FindLiveObjects: 3.975800 ms CreateObjectMapping: 1.984700 ms MarkObjects: 12.483600 ms  DeleteObjects: 3.951400 ms)

Prepare: number of updated asset objects reloaded= 0
========================================================================
Received Prepare
Begin MonoManager ReloadAssembly
- Loaded All Assemblies, in  0.675 seconds
Refreshing native plugins compatible for Editor in 1.19 ms, found 3 plugins.
Native extension for WindowsStandalone target not found
Native extension for WebGL target not found
Mono: successfully reloaded assembly
- Finished resetting the current domain, in  0.664 seconds
Domain Reload Profiling: 1339ms
	BeginReloadAssembly (240ms)
		ExecutionOrderSort (0ms)
		DisableScriptedObjects (7ms)
		BackupInstance (0ms)
		ReleaseScriptingObjects (0ms)
		CreateAndSetChildDomain (51ms)
	RebuildCommonClasses (35ms)
	RebuildNativeTypeToScriptingClass (14ms)
	initialDomainReloadingComplete (29ms)
	LoadAllAssembliesAndSetupDomain (357ms)
		LoadAssemblies (331ms)
		RebuildTransferFunctionScriptingTraits (0ms)
		AnalyzeDomain (162ms)
			TypeCache.Refresh (6ms)
				TypeCache.ScanAssembly (0ms)
			BuildScriptInfoCaches (145ms)
			ResolveRequiredComponents (6ms)
	FinalizeReload (664ms)
		ReleaseScriptCaches (0ms)
		RebuildScriptCaches (0ms)
		SetupLoadedEditorAssemblies (506ms)
			LogAssemblyErrors (0ms)
			InitializePlatformSupportModulesInManaged (5ms)
			SetLoadedEditorAssemblies (5ms)
			BeforeProcessingInitializeOnLoad (94ms)
			ProcessInitializeOnLoadAttributes (369ms)
			ProcessInitializeOnLoadMethodAttributes (29ms)
			AfterProcessingInitializeOnLoad (4ms)
			EditorAssembliesLoaded (0ms)
		ExecutionOrderSort2 (0ms)
		AwakeInstancesAfterBackupRestoration (7ms)
Refreshing native plugins compatible for Editor in 1.71 ms, found 3 plugins.
Preloading 0 native plugins for Editor in 0.00 ms.
Unloading 0 Unused Serialized files (Serialized files now loaded: 0)
Unloading 3708 unused Assets / (1.5 MB). Loaded Objects now: 4207.
Memory consumption went from 91.2 MB to 89.7 MB.
Total: 16.777000 ms (FindLiveObjects: 0.818200 ms CreateObjectMapping: 0.374500 ms MarkObjects: 10.913100 ms  DeleteObjects: 4.668800 ms)

Prepare: number of updated asset objects reloaded= 0
========================================================================
Received Prepare
Begin MonoManager ReloadAssembly
- Loaded All Assemblies, in  0.775 seconds
Refreshing native plugins compatible for Editor in 2.02 ms, found 3 plugins.
Native extension for WindowsStandalone target not found
Native extension for WebGL target not found
Mono: successfully reloaded assembly
- Finished resetting the current domain, in  0.775 seconds
Domain Reload Profiling: 1549ms
	BeginReloadAssembly (233ms)
		ExecutionOrderSort (0ms)
		DisableScriptedObjects (9ms)
		BackupInstance (0ms)
		ReleaseScriptingObjects (0ms)
		CreateAndSetChildDomain (50ms)
	RebuildCommonClasses (55ms)
	RebuildNativeTypeToScriptingClass (17ms)
	initialDomainReloadingComplete (29ms)
	LoadAllAssembliesAndSetupDomain (439ms)
		LoadAssemblies (397ms)
		RebuildTransferFunctionScriptingTraits (0ms)
		AnalyzeDomain (169ms)
			TypeCache.Refresh (7ms)
				TypeCache.ScanAssembly (0ms)
			BuildScriptInfoCaches (155ms)
			ResolveRequiredComponents (4ms)
	FinalizeReload (776ms)
		ReleaseScriptCaches (0ms)
		RebuildScriptCaches (0ms)
		SetupLoadedEditorAssemblies (600ms)
			LogAssemblyErrors (0ms)
			InitializePlatformSupportModulesInManaged (4ms)
			SetLoadedEditorAssemblies (6ms)
			BeforeProcessingInitializeOnLoad (122ms)
			ProcessInitializeOnLoadAttributes (422ms)
			ProcessInitializeOnLoadMethodAttributes (37ms)
			AfterProcessingInitializeOnLoad (8ms)
			EditorAssembliesLoaded (0ms)
		ExecutionOrderSort2 (0ms)
		AwakeInstancesAfterBackupRestoration (9ms)
Refreshing native plugins compatible for Editor in 2.11 ms, found 3 plugins.
Preloading 0 native plugins for Editor in 0.00 ms.
Unloading 0 Unused Serialized files (Serialized files now loaded: 0)
Unloading 3708 unused Assets / (1.6 MB). Loaded Objects now: 4207.
Memory consumption went from 91.2 MB to 89.6 MB.
Total: 17.663500 ms (FindLiveObjects: 1.073600 ms CreateObjectMapping: 0.527300 ms MarkObjects: 11.538200 ms  DeleteObjects: 4.521100 ms)

Prepare: number of updated asset objects reloaded= 0
